序号,行业,行业指数,行业-涨跌幅,流入资金,流出资金,净额,公司家数,领涨股,领涨股-涨跌幅,当前价
1,牙科医疗,1166.24,3.17,105.89,98.89,7.0,30,爱迪特,20.0,63.17
2,科创次新股,860.947,2.82,126.41,121.42,4.99,22,屹唐股份,19.99,33.07
3,培育钻石,2713.76,2.81,91.87,96.85,-4.98,18,博云新材,10.01,28.36
4,稀土永磁,4076.54,2.49,342.77,329.83,12.93,65,东方锆业,10.03,16.13
5,国家大基金持股,3489.55,2.36,932.64,929.04,3.6,48,燕东微,12.53,75.01
6,铜缆高速连接,3662.15,2.3,438.96,401.27,37.68,46,裕太微,20.0,238.8
7,共封装光学(CPO),7333.93,2.14,2911.62,2837.87,73.75,197,金戈新材,21.67,73.0
8,AI手机,2408.15,2.1,646.89,615.93,30.96,39,东方国信,20.03,18.7
9,重组蛋白,690.727,2.09,38.08,32.22,5.86,114,皓元医药,15.08,86.37
10,F5G概念,5103.86,2.09,629.24,570.13,59.11,36,光迅科技,10.0,266.2
11,智能音箱,2927.46,1.91,390.63,340.42,50.22,59,华兴源创,10.04,81.09
12,减肥药,1229.9,1.87,80.51,66.46,14.05,62,皓元医药,15.08,86.37
13,存储芯片,3150.9,1.83,2474.22,2470.11,4.1,191,麦捷科技,20.02,27.76
14,同花顺果指数,2713.89,1.82,692.73,673.77,18.96,20,蓝思科技,8.9,55.77
15,CRO概念,803.0,1.82,102.7,86.23,16.48,73,皓元医药,15.08,86.37
16,MLOps概念,1060.8,1.8,58.64,47.89,10.75,18,东方国信,20.03,18.7
17,细胞免疫治疗,1032.38,1.74,70.69,54.59,16.1,64,洁特生物,16.15,15.1
18,华为海思概念股,4651.8,1.73,285.59,280.52,5.08,51,晶升股份,20.01,80.44
19,英伟达概念,2052.9,1.71,754.6,718.77,35.83,76,麦捷科技,20.02,27.76
20,航空发动机,3634.96,1.7,299.7,293.17,6.53,97,铂力特,20.0,107.28
21,先进封装,3296.66,1.68,1992.98,2012.54,-19.56,184,联瑞新材,14.98,270.47
22,6G概念,2942.94,1.66,782.99,773.17,9.82,96,中京电子,10.02,20.32
23,数字水印,1138.96,1.65,56.69,52.3,4.39,30,东方国信,20.03,18.7
24,新型烟草(电子烟),2266.31,1.64,213.37,222.96,-9.59,53,富满微,11.06,60.47
25,注册制次新股,202.613,1.64,204.78,208.68,-3.89,80,新广益,20.0,82.44
26,AI语料,1162.53,1.6,129.88,109.04,20.84,52,东方国信,20.03,18.7
27,汽车芯片,1568.05,1.5,1363.87,1267.47,96.4,143,裕太微,20.0,238.8
28,同花顺新质50,2580.05,1.46,991.45,883.64,107.81,50,寒武纪,14.2,1507.46
29,富士康概念,4395.09,1.44,764.91,732.52,32.38,108,凌云光,14.1,69.09
30,PCB概念,3334.44,1.42,1684.59,1697.92,-13.33,221,新广益,20.0,82.44
31,无线耳机,2847.63,1.41,751.21,700.57,50.64,97,富满微,11.06,60.47
32,液冷服务器,2516.97,1.41,1589.58,1513.63,75.95,218,五洋自控,15.77,7.49
33,MCU芯片,1955.47,1.35,673.56,629.32,44.24,93,燕东微,12.53,75.01
34,3D打印,5045.34,1.35,631.44,608.31,23.13,135,爱迪特,20.0,63.17
35,第三代半导体,3070.99,1.34,1216.12,1259.77,-43.65,174,晶升股份,20.01,80.44
36,新股与次新股,15966.3,1.31,204.78,208.68,-3.89,135,金戈新材,21.67,73.0
37,人形机器人,2726.42,1.26,1951.38,1880.94,70.44,455,东方国信,20.03,18.7
38,苹果概念,7100.17,1.25,1251.31,1230.6,20.72,140,新广益,20.0,82.44
39,猴痘概念,805.646,1.25,40.19,37.61,2.57,74,丹娜生物,20.95,41.97
40,新型工业化,1849.9,1.24,730.11,671.32,58.79,289,东方国信,20.03,18.7
41,AI视频,2120.07,1.17,136.3,114.42,21.88,51,凌云光,14.1,69.09
42,辅助生殖,1168.62,1.16,70.03,60.06,9.97,74,洁特生物,16.15,15.1
43,光刻机,3205.84,1.11,305.92,310.96,-5.04,49,中瓷电子,10.0,176.29
44,Web3.0,1791.21,1.1,146.01,117.79,28.23,65,东方国信,20.03,18.7
45,中芯国际概念,3812.18,1.06,1015.84,1064.19,-48.35,89,屹唐股份,19.99,33.07
46,基因测序,1897.13,1.04,118.85,104.05,14.8,70,丹娜生物,20.95,41.97
47,特钢概念,3122.46,1.03,41.72,40.4,1.31,42,抚顺特钢,10.09,4.69
48,华为欧拉,1460.14,1.02,81.17,66.97,14.2,47,东方国信,20.03,18.7
49,无线充电,2417.81,1.01,230.15,230.2,-0.05,58,天海电子,10.0,44.22
50,机器视觉,2133.93,1.0,693.73,674.56,19.17,248,东方国信,20.03,18.7
51,芯片概念,5681.7,0.96,6282.67,6172.4,110.27,889,麦捷科技,20.02,27.76
52,工业母机,2243.23,0.96,368.86,355.93,12.93,112,双林股份,11.86,31.69
53,算力租赁,1472.21,0.95,649.83,626.15,23.68,182,东方国信,20.03,18.7
54,血氧仪,1667.72,0.94,35.97,32.76,3.21,24,九安医疗,10.0,73.51
55,5G,7299.5,0.94,3254.26,3136.14,118.12,455,东方国信,20.03,18.7
56,多模态AI,1320.58,0.93,315.78,285.7,30.08,149,东方国信,20.03,18.7
57,光纤概念,4505.29,0.91,1341.67,1380.52,-38.85,108,九州一轨,20.01,67.9
58,创新药,1151.76,0.89,240.18,208.79,31.39,275,皓元医药,15.08,86.37
59,眼科医疗,1628.35,0.88,80.49,67.77,12.72,58,诺思兰德,13.57,19.41
60,阿尔茨海默概念,1141.69,0.85,42.12,37.53,4.59,86,诺唯赞,13.18,15.72
61,东数西算(算力),2400.75,0.84,2091.09,1998.14,92.95,403,东方国信,20.03,18.7
62,智谱AI,1430.67,0.82,173.1,154.69,18.41,70,凌云光,14.1,69.09
63,电子身份证,1261.59,0.8,37.06,30.41,6.65,39,东方国信,20.03,18.7
64,云办公,1789.47,0.79,49.35,50.34,-0.99,48,科创信息,12.96,14.29
65,消费电子概念,3708.77,0.79,2479.1,2492.64,-13.53,491,麦捷科技,20.02,27.76
66,华为昇腾,1640.26,0.77,206.8,206.12,0.68,106,东方国信,20.03,18.7
67,快手概念,1911.05,0.76,114.44,108.24,6.2,50,天娱数科,9.96,7.73
68,智能穿戴,4895.47,0.73,1463.74,1488.99,-25.25,237,麦捷科技,20.02,27.76
69,大飞机,4045.89,0.72,414.31,419.11,-4.8,152,铂力特,20.0,107.28
70,小米概念,2295.16,0.72,1898.25,1876.03,22.22,371,麦捷科技,20.02,27.76
71,减速器,2051.84,0.7,324.74,301.31,23.43,138,均普智能,11.67,10.43
72,智能医疗,4355.09,0.63,616.79,653.73,-36.94,329,爱迪特,20.0,63.17
73,信创,2017.06,0.6,700.73,673.85,26.88,304,东方国信,20.03,18.7
74,毫米波雷达,2345.22,0.59,773.93,768.4,5.53,126,均普智能,11.67,10.43
75,专精特新,1785.75,0.59,2318.39,2322.89,-4.5,1199,金戈新材,21.67,73.0
76,AI眼镜,3018.25,0.59,1266.93,1272.65,-5.72,189,麦捷科技,20.02,27.76
77,网络安全,5453.85,0.58,444.01,451.79,-7.79,197,科创信息,12.96,14.29
78,汽车电子,6376.59,0.58,2440.7,2361.98,78.72,385,麦捷科技,20.02,27.76
79,ChatGPT概念,1759.15,0.57,300.3,270.88,29.42,140,东方国信,20.03,18.7
80,星闪概念,1485.35,0.57,150.08,147.87,2.21,74,雷柏科技,7.84,19.52
81,数据中心(AIDC),2514.46,0.54,3670.53,3594.72,75.81,633,东方国信,20.03,18.7
82,传感器,1795.03,0.53,1132.69,1104.73,27.96,267,春晖智控,20.0,41.4
83,空间计算,1342.74,0.51,81.38,80.64,0.74,63,凌云光,14.1,69.09
84,抖音概念(字节概念),1698.8,0.5,751.38,694.67,56.71,215,中富通,10.49,18.75
85,脑机接口,1572.6,0.5,107.96,125.88,-17.91,71,均普智能,11.67,10.43
86,卫星导航,5120.83,0.46,995.38,1012.08,-16.7,277,春晖智控,20.0,41.4
87,汽车热管理,2241.27,0.44,250.82,229.18,21.64,141,春晖智控,20.0,41.4
88,国产操作系统,1763.6,0.44,397.06,336.59,60.47,134,寒武纪,14.2,1507.46
89,毛发医疗,1030.05,0.43,9.25,9.65,-0.39,26,泰恩康,4.59,20.27
90,机器人概念,4226.09,0.42,3483.18,3486.53,-3.35,1202,麦捷科技,20.02,27.76
91,物联网,3120.67,0.42,1721.71,1646.11,75.6,462,东方国信,20.03,18.7
92,数据安全,1145.15,0.41,479.77,506.22,-26.45,176,东方国信,20.03,18.7
93,AIGC概念,1997.7,0.41,475.94,455.64,20.3,291,东方国信,20.03,18.7
94,合成生物,1455.68,0.41,131.65,132.29,-0.64,166,皓元医药,15.08,86.37
95,云游戏,1525.53,0.41,83.08,81.21,1.87,27,宝通科技,8.74,30.62
96,MR(混合现实),1950.58,0.4,320.27,305.49,14.78,70,凌云光,14.1,69.09
97,工业互联网,2776.17,0.4,1337.24,1366.54,-29.31,434,东方国信,20.03,18.7
98,无人机,3318.09,0.4,1218.9,1228.97,-10.07,460,麦捷科技,20.02,27.76
99,天津自贸区,1081.09,0.39,12.53,10.45,2.08,16,九安医疗,10.0,73.51
100,可控核聚变,2617.86,0.38,514.79,527.7,-12.91,112,鑫宏业,20.0,46.75
101,阿里巴巴概念,1954.25,0.38,1378.33,1282.61,95.72,690,麦捷科技,20.02,27.76
102,PET铜箔,2667.12,0.36,371.32,408.95,-37.63,50,铜冠铜箔,10.08,200.0
103,网络游戏,1518.78,0.36,136.73,127.23,9.5,66,昆仑万维,10.97,43.0
104,光刻胶,5764.02,0.35,277.63,298.88,-21.25,77,世名科技,19.99,19.21
105,元宇宙,1864.61,0.35,461.06,435.69,25.36,181,东方国信,20.03,18.7
106,AI智能体,1366.66,0.35,793.5,770.64,22.87,440,东方国信,20.03,18.7
107,比亚迪概念,2151.17,0.34,2107.13,2165.76,-58.63,674,麦捷科技,20.02,27.76
108,新能源汽车,5134.95,0.34,3387.3,3450.64,-63.34,1044,麦捷科技,20.02,27.76
109,数字孪生,1951.96,0.33,377.01,366.81,10.2,204,东方国信,20.03,18.7
110,商业航天,2480.46,0.33,2089.87,2126.84,-36.98,497,春晖智控,20.0,41.4
111,核污染防治,1686.71,0.32,95.73,102.17,-6.44,59,碧兴物联,20.0,30.78
112,流感,1308.58,0.32,74.51,72.89,1.63,183,丹娜生物,20.95,41.97
113,短剧游戏,1248.25,0.31,167.08,150.23,16.85,86,昆仑万维,10.97,43.0
114,军工,2571.29,0.31,1610.36,1670.05,-59.69,604,春晖智控,20.0,41.4
115,超导概念,2841.09,0.31,162.87,177.78,-14.91,32,洁美科技,10.0,99.73
116,智能座舱,1774.04,0.3,888.77,904.56,-15.79,169,裕太微,20.0,238.8
117,MiniLED,3258.96,0.3,864.76,899.22,-34.46,104,明微电子,11.22,72.68
118,军工信息化,1772.15,0.29,141.45,145.03,-3.58,111,诺唯赞,13.18,15.72
119,PEEK材料,2209.5,0.29,150.98,163.81,-12.83,52,双林股份,11.86,31.69
120,C2M概念,1929.24,0.28,31.62,29.25,2.37,39,梦百合,10.1,5.56
121,云计算,3901.28,0.28,601.53,580.75,20.78,219,东方国信,20.03,18.7
122,2026一季报预增,1293.52,0.28,765.59,789.99,-24.39,101,博云新材,10.01,28.36
123,宁德时代概念,2633.26,0.26,1240.71,1317.96,-77.25,291,鑫宏业,20.0,46.75
124,智慧政务,1417.13,0.26,256.43,259.93,-3.5,217,东方国信,20.03,18.7
125,家庭医生,1140.59,0.26,55.84,84.37,-28.52,26,科创信息,12.96,14.29
126,小金属概念,3859.1,0.25,871.94,982.1,-110.17,169,东方锆业,10.03,16.13
127,语音技术,1887.81,0.24,91.36,90.94,0.43,62,中电港,7.34,29.41
128,虚拟数字人,1351.1,0.24,285.36,262.88,22.48,175,东方国信,20.03,18.7
129,金属回收,1257.53,0.24,292.88,314.62,-21.74,86,美畅股份,19.98,24.32
130,特斯拉概念,6144.6,0.23,1138.12,1162.2,-24.08,249,双林股份,11.86,31.69
131,医疗器械概念,2987.95,0.23,739.52,757.55,-18.03,406,爱迪特,20.0,63.17
132,DRG/DIP,948.585,0.23,10.33,10.22,0.11,22,科创信息,12.96,14.29
133,华为概念,3739.28,0.23,3612.89,3697.24,-84.35,1004,东方国信,20.03,18.7
134,独角兽概念,1961.11,0.22,315.8,336.62,-20.83,109,昆仑万维,10.97,43.0
135,动物疫苗,1346.34,0.21,11.82,13.97,-2.15,20,贤丰控股,10.05,4.71
136,飞行汽车(eVTOL),1966.87,0.21,287.21,320.26,-33.05,272,金博股份,20.0,59.75
137,小红书概念,1494.53,0.2,92.47,94.52,-2.05,54,天娱数科,9.96,7.73
138,医美概念,1214.7,0.19,95.46,96.83,-1.37,95,奥美医疗,9.97,9.82
139,人工智能,1320.7,0.19,2404.34,2382.62,21.71,1071,丹娜生物,20.95,41.97
140,肝炎概念,1016.95,0.18,60.41,59.54,0.88,139,华森制药,10.01,13.3
141,车联网(车路协同),1183.83,0.17,635.59,632.76,2.83,296,裕太微,20.0,238.8
142,手机游戏,2590.27,0.17,89.76,80.63,9.13,59,昆仑万维,10.97,43.0
143,小米汽车,1727.07,0.17,462.36,482.52,-20.16,119,金博股份,20.0,59.75
144,金属钴,2985.53,0.17,242.49,269.07,-26.58,31,中钨高新,10.0,98.48
145,仿制药一致性评价,1467.46,0.17,84.97,76.7,8.28,143,华森制药,10.01,13.3
146,高端装备,3582.41,0.17,903.78,927.31,-23.53,371,屹唐股份,19.99,33.07
147,同花顺出海50,1837.88,0.16,928.1,932.25,-4.14,50,工业富联,7.49,78.08
148,2025年报预增,1192.56,0.16,2494.67,2545.26,-50.58,504,铂力特,20.0,107.28
149,腾讯概念,1329.4,0.15,873.31,819.68,53.63,296,中嘉博创,10.14,4.02
150,低空经济,2233.64,0.15,1160.47,1207.56,-47.09,497,金博股份,20.0,59.75
151,无人驾驶,3089.13,0.14,1520.67,1509.28,11.39,406,裕太微,20.0,238.8
152,AI应用,847.215,0.14,809.25,843.14,-33.89,504,东方国信,20.03,18.7
153,华为数字能源,1829.18,0.13,127.33,136.23,-8.89,46,华体科技,10.01,21.43
154,军民融合,1656.32,0.12,418.7,440.62,-21.91,245,春晖智控,20.0,41.4
155,柔性屏(折叠屏),3959.04,0.11,705.83,749.8,-43.97,107,彩客科技,18.22,77.67
156,DeepSeek概念,1628.07,0.1,1564.57,1575.72,-11.15,770,东方国信,20.03,18.7
157,生物疫苗,1488.43,0.1,30.04,31.7,-1.66,59,昭衍新药,9.99,35.66
158,华为鲲鹏,1374.6,0.1,314.48,319.78,-5.31,175,东方国信,20.03,18.7
159,鸿蒙概念,1783.41,0.1,343.24,324.58,18.66,258,东方国信,20.03,18.7
160,太赫兹,2378.97,0.1,201.55,204.3,-2.75,22,泰豪科技,2.45,12.13
161,财税数字化,1660.19,0.1,65.26,61.8,3.45,65,科创信息,12.96,14.29
162,智能物流,1109.14,0.09,401.27,409.27,-8.0,238,五洋自控,15.77,7.49
163,智能家居,3817.71,0.09,615.74,608.7,7.04,288,富满微,11.06,60.47
164,量子科技,2636.78,0.09,658.52,636.97,21.54,113,光迅科技,10.0,266.2
165,幽门螺杆菌概念,957.079,0.08,32.82,34.49,-1.67,75,华森制药,10.01,13.3
166,金属铜,1893.69,0.07,414.08,468.31,-54.23,94,电工合金,10.97,19.01
167,一体化压铸,1313.68,0.05,84.54,97.79,-13.26,54,三祥新材,9.99,87.49
168,食品安全,4636.59,0.05,67.75,67.84,-0.08,83,科创信息,12.96,14.29
169,换电概念,1631.39,0.05,185.33,196.02,-10.68,94,通合科技,10.14,38.88
170,数据要素,1191.67,0.05,572.54,577.68,-5.14,391,东方国信,20.03,18.7
171,华为手机,2005.5,0.03,254.61,253.7,0.92,45,凌云光,14.1,69.09
172,虚拟现实,1079.87,0.02,1248.86,1239.78,9.08,287,东方国信,20.03,18.7
173,ETC,1748.04,0.02,44.66,46.56,-1.9,42,智微智能,10.0,126.93
174,丙烯酸,1934.49,0.01,39.65,41.23,-1.58,20,日科化学,10.76,9.47
175,空气能热泵,1505.41,0.01,81.27,87.25,-5.97,54,冰轮环境,9.99,40.17
176,百度概念,1929.09,0.01,640.64,606.31,34.33,232,科创信息,12.96,14.29
177,智慧城市,4271.69,-0.01,842.9,831.16,11.74,418,东方国信,20.03,18.7
178,医药电商,928.245,-0.01,90.16,83.18,6.98,176,华森制药,10.01,13.3
179,养老概念,2035.82,-0.01,155.39,150.33,5.07,219,香江控股,10.15,3.58
180,金属镍,1377.7,-0.03,162.31,191.08,-28.77,39,博迁新材,10.0,231.31
181,华为盘古,993.158,-0.03,36.3,33.82,2.48,29,吉宏股份,5.43,23.9
182,区块链,1466.65,-0.04,499.92,488.5,11.42,261,东方国信,20.03,18.7
183,成飞概念,1928.76,-0.05,66.92,66.61,0.31,43,博云新材,10.01,28.36
184,职业教育,1560.29,-0.05,128.82,115.5,13.32,133,东方国信,20.03,18.7
185,人民币贬值受益,2384.61,-0.05,2413.66,2325.44,88.23,601,爱迪特,20.0,63.17
186,高压快充,2137.84,-0.06,444.11,422.98,21.13,123,鑫宏业,20.0,46.75
187,创投,3490.91,-0.07,1344.84,1313.64,31.2,465,鑫宏业,20.0,46.75
188,EDR概念,1601.85,-0.07,130.13,135.62,-5.49,20,博敏电子,7.06,28.65
189,海峡两岸,1940.53,-0.08,1134.14,1132.84,1.3,317,晶升股份,20.01,80.44
190,固态电池,1684.22,-0.08,1237.62,1380.54,-142.92,295,金博股份,20.0,59.75
191,安防,5026.96,-0.11,360.13,362.45,-2.33,176,中富通,10.49,18.75
192,禽流感,1992.23,-0.11,8.76,10.09,-1.33,26,众生药业,9.99,22.9
193,维生素,1204.9,-0.13,37.03,36.93,0.1,76,皓元医药,15.08,86.37
194,核电,4312.88,-0.13,782.76,880.65,-97.89,346,春晖智控,20.0,41.4
195,华为汽车,3120.97,-0.14,453.63,460.49,-6.85,174,双林股份,11.86,31.69
196,深股通,1367.2,-0.14,5599.28,5766.72,-167.45,1716,东方国信,20.03,18.7
197,数字经济,1552.93,-0.14,763.05,767.37,-4.32,507,东方国信,20.03,18.7
198,锂电池概念,2157.96,-0.14,2226.24,2419.53,-193.29,600,金博股份,20.0,59.75
199,数据确权,1456.7,-0.14,71.55,71.26,0.29,69,天娱数科,9.96,7.73
200,人脸识别,1351.96,-0.15,197.33,193.1,4.22,110,智微智能,10.0,126.93
201,知识产权保护,1626.18,-0.16,41.96,35.74,6.23,51,汉邦高科,7.25,9.03
202,长安汽车概念,1646.44,-0.17,547.55,594.53,-46.99,456,双林股份,11.86,31.69
203,农机,1292.24,-0.18,159.06,154.31,4.74,97,碧兴物联,20.0,30.78
204,石墨烯,1912.46,-0.18,204.09,215.28,-11.19,76,世名科技,19.99,19.21
205,时空大数据,1515.31,-0.19,64.31,61.41,2.9,67,东方国信,20.03,18.7
206,京津冀一体化,1927.03,-0.19,417.32,402.47,14.84,290,东方国信,20.03,18.7
207,融资融券,1862.22,-0.19,10856.86,11361.78,-504.93,3788,金戈新材,21.67,73.0
208,粤港澳大湾区,2758.24,-0.22,1436.14,1474.05,-37.91,483,麦捷科技,20.02,27.76
209,智慧灯杆,1599.73,-0.25,47.08,54.32,-7.24,63,华体科技,10.01,21.43
210,MicroLED概念,2129.15,-0.26,530.24,590.04,-59.81,79,凌云光,14.1,69.09
211,充电桩,6741.71,-0.27,1031.65,1062.52,-30.87,390,麦捷科技,20.02,27.76
212,在线教育,2813.17,-0.27,180.56,169.78,10.78,127,昆仑万维,10.97,43.0
213,代糖概念,936.091,-0.28,47.06,45.02,2.04,23,鲁信创投,6.02,21.13
214,染料,1577.27,-0.28,46.68,48.04,-1.36,40,世名科技,19.99,19.21
215,沪股通,2451.38,-0.28,5196.24,5561.27,-365.02,1527,金博股份,20.0,59.75
216,ERP概念,1344.46,-0.29,30.77,31.23,-0.46,35,汉得信息,2.52,17.88
217,上海自贸区,4226.03,-0.29,208.98,196.81,12.17,58,博通集成,7.72,37.38
218,燃料电池,2142.96,-0.31,513.45,568.4,-54.95,214,春晖智控,20.0,41.4
219,深圳国企改革,1785.16,-0.32,40.78,40.18,0.6,58,麦捷科技,20.02,27.76
220,横琴新区,1909.89,-0.33,51.65,59.85,-8.2,43,贤丰控股,10.05,4.71
221,赛马概念,1059.65,-0.34,2.3,2.64,-0.34,4,*ST正平,5.01,8.8
222,特高压,5466.23,-0.34,523.71,567.94,-44.23,130,旭光电子,10.0,42.01
223,碳纤维,2215.59,-0.35,186.08,190.44,-4.36,79,金博股份,20.0,59.75
224,海工装备,3835.21,-0.36,718.92,785.91,-66.99,272,东方国信,20.03,18.7
225,文化传媒概念,2635.49,-0.36,161.52,164.45,-2.93,197,国安股份,10.04,2.85
226,光伏概念,4854.11,-0.37,2254.13,2339.35,-85.22,596,晶升股份,20.01,80.44
227,柔性直流输电,1690.28,-0.37,292.87,322.59,-29.73,65,旭光电子,10.0,42.01
228,智能电网,4091.39,-0.38,782.51,813.06,-30.55,276,通合科技,10.14,38.88
229,数字乡村,1729.71,-0.39,146.56,153.08,-6.52,100,东方国信,20.03,18.7
230,宠物经济,1351.03,-0.4,52.82,59.06,-6.24,127,丹娜生物,20.95,41.97
231,家用电器,4184.74,-0.4,458.86,438.78,20.08,180,合锻智能,10.01,39.55
232,人造肉,1425.38,-0.41,15.76,17.24,-1.49,20,富祥股份,6.92,19.48
233,民营医院,1381.39,-0.41,127.8,158.02,-30.22,73,香江控股,10.15,3.58
234,钛白粉概念,1967.98,-0.43,20.32,21.61,-1.29,15,*ST亚振,5.0,61.27
235,高压氧舱,1060.51,-0.43,4.72,5.68,-0.95,11,国际医学,3.47,4.17
236,NFT概念,1581.51,-0.44,72.03,72.64,-0.61,71,华瓷股份,9.99,17.4
237,钒电池,1468.09,-0.46,67.9,84.06,-16.17,37,海亮股份,10.0,25.52
238,股权转让(并购重组),1123.24,-0.46,797.69,870.59,-72.89,916,晶升股份,20.01,80.44
239,共享单车,1070.58,-0.46,6.05,6.65,-0.61,13,中贝通信,3.91,25.22
240,福建自贸区,1616.01,-0.47,266.68,297.82,-31.14,127,中富通,10.49,18.75
241,三胎概念,2159.68,-0.48,89.29,95.76,-6.47,213,奥美医疗,9.97,9.82
242,电力物联网,2084.44,-0.49,96.23,102.89,-6.65,86,四方股份,5.31,74.63
243,拼多多概念,1646.16,-0.49,31.96,31.32,0.64,40,中恒电气,4.17,54.16
244,TOPCON电池,1263.74,-0.49,315.42,339.7,-24.27,82,帝科股份,10.43,86.2
245,储能,2695.34,-0.51,2420.31,2654.21,-233.9,884,麦捷科技,20.02,27.76
246,国产航母,2101.44,-0.52,107.65,113.79,-6.14,36,光电股份,5.81,28.22
247,NMN概念,1224.26,-0.53,14.84,15.09,-0.25,25,众生药业,9.99,22.9
248,氢能源,2786.59,-0.53,931.52,1035.03,-103.5,400,金博股份,20.0,59.75
249,超级电容,3832.37,-0.53,321.96,334.37,-12.41,44,黑猫股份,10.0,10.45
250,海南自贸区,1475.42,-0.56,66.28,73.36,-7.08,29,中稀有色,10.0,116.28
251,OLED,3634.28,-0.56,1150.67,1255.57,-104.9,152,华兴源创,10.04,81.09
252,雅下水电概念,1320.91,-0.56,173.43,206.79,-33.36,89,上海机电,10.02,22.4
253,电子竞技,468.921,-0.57,38.55,45.21,-6.66,35,天娱数科,9.96,7.73
254,跨境电商,930.843,-0.57,315.72,335.26,-19.55,337,梦百合,10.1,5.56
255,国资云,1457.96,-0.57,117.16,134.42,-17.26,54,深桑达A,5.94,24.6
256,托育服务,986.784,-0.57,15.14,12.99,2.14,16,拓维信息,3.52,30.54
257,青蒿素,1807.67,-0.59,8.78,10.23,-1.45,10,海正药业,2.07,9.85
258,共同富裕示范区,1514.25,-0.6,229.51,239.49,-9.98,185,中泰股份,12.97,23.95
259,足球概念,1474.9,-0.61,31.81,38.14,-6.33,39,诺瓦星云,4.58,156.73
260,氟化工概念,5864.8,-0.61,351.74,406.35,-54.61,65,和远气体,10.01,67.38
261,中船系,1841.7,-0.61,52.54,54.73,-2.19,20,中船特气,7.15,364.0
262,露营经济,1616.64,-0.61,26.18,28.53,-2.36,55,三特索道,10.03,14.37
263,摘帽,967.196,-0.62,55.52,65.13,-9.6,61,贤丰控股,10.05,4.71
264,冷链物流,1697.06,-0.64,110.87,117.41,-6.54,153,北自科技,10.0,41.03
265,统一大市场,1264.56,-0.64,62.58,72.09,-9.51,119,原尚股份,8.26,41.41
266,互联网金融,5735.73,-0.64,202.01,237.51,-35.49,216,东方国信,20.03,18.7
267,页岩气,2689.14,-0.65,71.29,84.32,-13.03,52,长江材料,10.01,20.56
268,BC电池,1437.22,-0.68,194.97,222.91,-27.93,51,帝科股份,10.43,86.2
269,汽车拆解概念,1644.04,-0.68,41.88,43.43,-1.55,48,华宏科技,5.49,36.1
270,净水概念,1133.25,-0.69,86.28,96.1,-9.82,77,武汉天源,11.72,14.78
271,动力电池回收,951.748,-0.71,373.82,439.74,-65.92,93,ST逸飞,6.96,70.97
272,钠离子电池,1444.03,-0.73,496.93,579.09,-82.15,143,金博股份,20.0,59.75
273,网约车,1384.07,-0.73,19.12,21.73,-2.61,29,富临运业,4.34,10.1
274,民爆概念,1702.2,-0.75,19.07,26.25,-7.18,25,铜冠矿建,3.81,20.14
275,长三角一体化,2021.76,-0.75,508.7,538.57,-29.86,258,新广益,20.0,82.44
276,钙钛矿电池,1310.32,-0.75,464.89,516.14,-51.25,91,帝科股份,10.43,86.2
277,啤酒概念,1468.17,-0.76,18.52,22.72,-4.2,29,亚盛集团,5.25,3.61
278,转基因,1585.7,-0.76,8.01,10.47,-2.45,20,禾元生物,3.13,46.19
279,水利,2453.04,-0.76,452.0,480.07,-28.08,264,碧兴物联,20.0,30.78
280,中韩自贸区,2298.1,-0.77,40.54,37.94,2.61,17,江丰电子,3.19,311.2
281,IP经济(谷子经济),1191.26,-0.8,124.04,134.13,-10.09,196,三特索道,10.03,14.37
282,PVDF概念,1566.4,-0.81,101.61,124.12,-22.51,18,黑猫股份,10.0,10.45
283,粮食概念,772.294,-0.83,30.16,33.53,-3.37,46,亚盛集团,5.25,3.61
284,新型城镇化,1252.31,-0.83,134.06,157.3,-23.24,220,碧兴物联,20.0,30.78
285,中俄贸易概念,1593.77,-0.83,91.72,98.17,-6.45,179,冰轮环境,9.99,40.17
286,固废处理,2220.1,-0.83,115.41,139.15,-23.74,155,武汉天源,11.72,14.78
287,一带一路,2408.84,-0.84,1428.62,1582.52,-153.9,781,高特电子,13.64,41.99
288,碳中和,2002.94,-0.85,397.44,452.38,-54.94,273,东方国信,20.03,18.7
289,黄金概念,3720.0,-0.85,280.31,332.81,-52.5,81,江西铜业,10.01,53.31
290,蚂蚁集团概念,1538.88,-0.85,146.83,161.65,-14.82,81,蓝思科技,8.9,55.77
291,可燃冰,1502.09,-0.86,11.27,15.82,-4.55,14,德石股份,1.84,14.91
292,高铁,3810.67,-0.86,252.29,275.8,-23.51,180,电工合金,10.97,19.01
293,冰雪产业,1284.52,-0.86,25.24,31.54,-6.3,59,三特索道,10.03,14.37
294,体育产业,988.34,-0.87,86.62,98.71,-12.09,133,三特索道,10.03,14.37
295,污水处理,1797.82,-0.87,237.61,254.19,-16.58,228,碧兴物联,20.0,30.78
296,网红经济,1354.56,-0.87,96.66,88.44,8.21,118,昆仑万维,10.97,43.0
297,西部大开发,1813.87,-0.88,1132.69,1262.98,-130.28,633,铂力特,20.0,107.28
298,消毒剂,2033.22,-0.9,113.3,124.68,-11.38,60,利民股份,9.9,18.1
299,俄乌冲突概念,1449.35,-0.91,161.27,197.66,-36.39,74,中泰股份,12.97,23.95
300,广东自贸区,1274.54,-0.93,14.66,20.69,-6.02,27,贤丰控股,10.05,4.71
301,广东自贸区,1274.54,-0.93,14.66,20.69,-6.02,27,贤丰控股,10.05,4.71
302,无人零售,1271.52,-0.94,12.62,14.48,-1.86,25,云从科技,3.48,14.27
303,举牌,2828.62,-0.94,12.03,13.03,-1.0,17,可川科技,4.18,95.68
304,乡村振兴,1084.54,-0.94,580.82,600.39,-19.57,432,东方国信,20.03,18.7
305,土壤修复,1061.8,-0.94,96.93,112.51,-15.59,91,韩建河山,10.05,6.46
306,预制菜,951.607,-0.95,37.73,46.64,-8.91,101,四方科技,5.54,13.52
307,自由贸易港,912.846,-0.96,30.28,40.9,-10.62,45,欣龙控股,7.34,4.97
308,两轮车,1709.53,-0.96,102.49,118.73,-16.24,74,天海电子,10.0,44.22
309,雄安新区,1132.81,-0.97,201.21,238.58,-37.38,195,通合科技,10.14,38.88
310,白酒概念,5886.2,-0.97,63.87,82.62,-18.75,48,吉宏股份,5.43,23.9
311,航运概念,1604.19,-0.97,73.57,97.56,-23.99,85,恒通股份,9.96,10.16
312,农业种植,2233.12,-0.98,33.54,38.87,-5.33,92,中航泰达,8.73,8.34
313,旅游概念,2626.97,-0.98,116.74,142.75,-26.01,150,三特索道,10.03,14.37
314,土地流转,1815.99,-0.99,19.02,26.33,-7.31,42,康欣新材,9.88,3.67
315,装配式建筑,939.925,-0.99,47.83,60.37,-12.54,107,ST逸飞,6.96,70.97
316,数字货币,1898.63,-0.99,121.57,125.03,-3.46,91,芯原股份,6.42,274.0
317,房屋检测,1612.08,-1.0,18.11,21.63,-3.52,46,苏博特,7.07,14.23
318,地下管网,1279.89,-1.02,47.6,57.65,-10.05,112,武汉天源,11.72,14.78
319,有机硅概念,2242.82,-1.02,102.97,127.9,-24.93,51,和远气体,10.01,67.38
320,虚拟电厂,1620.7,-1.02,365.51,449.72,-84.21,155,东方国信,20.03,18.7
321,互联网保险,902.658,-1.03,105.73,153.28,-47.54,21,东方国信,20.03,18.7
322,物业管理,1103.13,-1.08,111.31,130.32,-19.01,181,香江控股,10.15,3.58
323,上海国企改革,1708.97,-1.08,62.16,68.43,-6.26,108,上海机电,10.02,22.4
324,天然气,1622.58,-1.08,165.77,198.13,-32.36,164,春晖智控,20.0,41.4
325,移动支付,2254.12,-1.09,103.74,115.56,-11.82,77,顺络电子,6.97,71.16
326,特色小镇,483.374,-1.11,31.27,39.12,-7.85,40,三特索道,10.03,14.37
327,烟草,1558.67,-1.12,28.01,32.05,-4.04,41,大胜达,5.42,19.45
328,金属锌,2175.63,-1.12,158.92,193.4,-34.47,44,株冶集团,7.94,28.82
329,HJT电池,3429.75,-1.14,206.13,234.94,-28.81,66,帝科股份,10.43,86.2
330,玉米,2172.05,-1.14,13.13,16.68,-3.55,32,亚盛集团,5.25,3.61
331,国企改革,1402.17,-1.17,2857.71,3286.29,-428.58,2924,麦捷科技,20.02,27.76
332,芬太尼,2068.24,-1.17,3.71,5.34,-1.64,8,博拓生物,1.98,38.19
333,垃圾分类,1830.74,-1.17,65.73,71.99,-6.26,98,中富通,10.49,18.75
334,新疆振兴,974.208,-1.18,126.68,157.91,-31.24,157,中泰股份,12.97,23.95
335,同花顺漂亮100,826.9,-1.18,1303.33,1482.41,-179.08,100,蓝思科技,8.9,55.77
336,金属铅,1916.96,-1.19,162.94,195.02,-32.08,39,株冶集团,7.94,28.82
337,PPP概念,892.421,-1.21,132.47,162.13,-29.66,199,武汉天源,11.72,14.78
338,乳业,1796.89,-1.23,12.07,15.37,-3.3,35,庄园牧场,4.39,11.65
339,风电,1379.87,-1.24,1064.71,1246.89,-182.18,431,武汉天源,11.72,14.78
340,央企国企改革,3133.05,-1.24,1083.14,1256.02,-172.88,788,中瓷电子,10.0,176.29
341,参股券商,1421.38,-1.25,145.3,218.57,-73.26,226,三特索道,10.03,14.37
342,参股保险,1336.34,-1.25,93.23,113.13,-19.9,114,盛和资源,10.01,31.66
343,盐湖提锂,2023.36,-1.27,216.99,271.08,-54.08,46,*ST正平,5.01,8.8
344,跨境支付(CIPS),1495.26,-1.3,105.73,155.44,-49.7,73,三未信安,4.21,24.49
345,参股银行,1427.97,-1.36,229.86,296.01,-66.14,768,海亮股份,10.0,25.52
346,工业大麻,1376.69,-1.39,16.19,20.96,-4.77,31,*ST聆达,3.54,9.94
347,生态农业,1515.67,-1.39,29.01,35.02,-6.02,60,亚盛集团,5.25,3.61
348,光热发电,1047.62,-1.41,45.67,63.97,-18.3,48,凯盛新能,5.41,9.93
349,ST板块,494.626,-1.44,49.4,67.26,-17.86,225,*ST香雪,9.03,9.9
350,养鸡,1066.36,-1.44,8.33,10.2,-1.87,22,天马科技,4.02,11.13
351,黑龙江自贸区,1645.75,-1.45,19.63,24.46,-4.83,36,广联航空,3.93,35.18
352,中字头股票,1778.47,-1.5,471.59,536.88,-65.29,134,中瓷电子,10.0,176.29
353,光伏建筑一体化,1573.54,-1.52,257.84,319.86,-62.02,133,太极实业,9.99,20.92
354,大豆,1505.34,-1.52,7.39,10.29,-2.91,15,嘉华股份,2.56,12.41
355,磷化工,3162.97,-1.53,201.15,230.17,-29.02,68,丰元股份,9.98,26.88
356,证金持股,1091.83,-1.56,807.37,1023.21,-215.83,191,同大股份,10.04,49.52
357,供销社,1023.66,-1.56,7.64,12.02,-4.37,15,黄山谷捷,0.61,47.61
358,租售同权,745.625,-1.57,22.38,25.9,-3.52,29,阳光股份,10.0,7.59
359,PM2.5,1859.26,-1.65,41.1,48.6,-7.51,36,华盛昌,4.62,131.35
360,农村电商,1604.03,-1.66,14.78,19.42,-4.64,37,合百集团,1.54,7.89
361,高股息精选,1428.23,-1.68,318.62,499.32,-180.7,285,天润工业,10.04,11.07
362,超级品牌,1390.9,-1.69,156.41,207.83,-51.42,48,养元饮品,4.08,45.68
363,绿色电力,1191.58,-1.7,841.86,1032.98,-191.12,422,武汉天源,11.72,14.78
364,兵装重组概念,1073.22,-1.71,3.74,4.38,-0.63,14,长安汽车,0.81,7.45
365,化肥,949.132,-1.74,99.71,127.48,-27.77,74,富祥股份,6.92,19.48
366,建筑节能,1414.62,-1.75,88.39,101.03,-12.64,95,苏博特,7.07,14.23
367,碳交易,1035.93,-1.75,193.51,255.4,-61.89,117,康欣新材,9.88,3.67
368,免税店,886.309,-1.76,23.18,31.46,-8.28,26,中百集团,3.47,6.26
369,石墨电极,1133.24,-1.77,27.34,37.25,-9.91,25,龙佰集团,4.24,15.48
370,水泥概念,1149.25,-1.77,32.72,43.16,-10.44,46,中航泰达,8.73,8.34
371,煤化工概念,2318.03,-1.82,181.41,223.24,-41.83,110,中泰股份,12.97,23.95
372,化债概念(AMC概念),1090.88,-1.9,18.39,25.05,-6.67,42,中钢天源,2.52,12.18
373,POE胶膜,918.789,-1.9,36.71,45.84,-9.13,29,新广益,20.0,82.44
374,猪肉,2102.25,-1.91,18.79,26.56,-7.77,32,华统股份,1.64,8.08
375,信托概念,1097.25,-1.95,16.33,22.58,-6.25,23,国网英大,5.22,5.24
376,抽水蓄能,1674.34,-1.97,170.91,225.03,-54.12,77,苏博特,7.07,14.23
377,草甘膦,1403.03,-2.06,19.83,23.64,-3.81,19,兴发集团,2.79,38.65
378,生物质能发电,1064.31,-2.06,38.68,56.41,-17.73,61,武汉天源,11.72,14.78
379,电子纸,1428.19,-2.13,160.69,196.12,-35.43,25,海目星,6.71,77.9
380,期货概念,1727.48,-2.15,136.25,184.98,-48.72,71,国网英大,5.22,5.24
381,同花顺中特估100,1126.64,-2.3,541.27,693.39,-152.12,100,海光信息,6.42,328.0
382,煤炭概念,2212.7,-2.35,144.69,189.0,-44.31,89,江钨装备,10.02,20.2
383,硅能源,1234.09,-2.38,210.01,256.29,-46.28,63,博迁新材,10.0,231.31
384,环氧丙烷,1627.34,-2.59,54.58,67.45,-12.87,26,国恩股份,2.81,54.5
385,超超临界发电,1684.78,-2.69,145.48,216.53,-71.05,87,德创环保,10.01,10.88
