price,ma5,ma10,ma20,ma60,high20,low5,vol_ratio,avg_range20,momentum20,momentum5,close_position,upper_shadow,lower_shadow,gap,ma10_dist,ma20_dist,high20_dist,amount,turnover,day_ret,low,fwd_1d_close_ret_pct,fwd_3d_close_ret_pct,code,name,trade_date,pe,pb,market_cap,is_theme,is_core_theme,is_satellite_theme,theme_tier,concepts,score,amount_score,quality_score,strategy,strategy_name,rank,recommendation_score,strategy_hits,hit_count,reason,recommend_rank
16.69,16.076,16.086000000000002,15.653,14.475666666666667,17.25,15.22,0.8561340215152761,5.751788600878717,24.83171278982799,2.7076923076923265,0.761658031088084,0.23834196891191595,0.15025906735751268,-0.6406149903907732,3.754817854034556,6.624928128793201,-3.246376811594203,451685716.0,8.4,6.92,15.22,2.4565608148591878,3.295386458957439,603386.SH,骏亚科技,2026-06-01,-82.9,5.18,6780982797.0,True,True,False,core,"['PCB', '半导体概念']",3.882083,10.752556,7.250655,main_theme,主线三日趋势承接,2,626.41,"main_theme,fund_flow,broad_trend,breakout_theme",4,"命中主线三日趋势承接、资金/量能承接近似、宽基趋势承接、主线突破增强；概念=PCB,半导体概念；20日涨幅24.83%；量比0.86；换手8.40%；当日涨幅6.92%，需等分时承接确认",1
9.72,9.64,9.719999999999999,9.5095,8.339333333333334,10.68,9.23,0.7978848286551435,4.889660535038894,14.48763250883394,-1.2195121951219363,0.7735849056603785,0.22641509433962145,0.43396226415094136,-1.0373443983402666,2.842170943040401e-14,2.2135758977864413,-8.988764044943807,121682453.0,5.78,0.83,9.31,-1.0288065843621519,3.703703703703698,300665.SZ,飞鹿股份,2026-06-01,-103.62,5.5,2479039884.0,True,True,False,core,"['半导体概念', '新材料']",3.910211,9.607494,7.870782,main_theme,主线三日趋势承接,1,618.551,"main_theme,broad_trend",2,"命中主线三日趋势承接、宽基趋势承接；概念=半导体概念,新材料；20日涨幅14.49%；量比0.80；换手5.78%；当日涨幅0.83%，追高压力相对可控",2
40.28,40.348,39.393,38.5595,35.60283333333333,41.97,38.0,1.507054704327144,5.726954653475004,16.821345707656633,-1.9951338199513344,0.7651006711409408,0.23489932885905923,0.36577181208053844,-2.1036814425244046,2.251669078262637,4.4619354504078075,-4.026685727900883,285667695.0,5.03,0.88,38.0,-1.539225422045687,-5.4121151936444845,605058.SH,澳弘电子,2026-06-01,41.34,3.13,5472602845.0,True,True,False,core,['PCB'],3.754791,10.803983,3.972291,main_theme,主线三日趋势承接,3,584.774,"main_theme,fund_flow,broad_trend",3,命中主线三日趋势承接、资金/量能承接近似、宽基趋势承接；概念=PCB；20日涨幅16.82%；量比1.51；换手5.03%；当日涨幅0.88%，追高压力相对可控,3
26.08,24.586,24.288,23.404999999999998,23.337666666666667,27.0,22.41,1.3463592220240632,4.586467942521377,20.964749536178104,7.546391752577321,0.566037735849056,0.433962264150944,0.28301886792452885,-1.1253395421032195,7.378129117259547,11.42918179876095,-3.407407407407419,429773201.96,8.51,1.2,24.88,3.2592024539877418,5.559815950920255,001269.SZ,欧晶科技,2026-06-01,-96.68,6.24,4204201960.0,True,True,False,core,['半导体概念'],3.611733,11.027836,7.374019,main_theme,主线三日趋势承接,5,574.059,"main_theme,fund_flow,broad_trend,breakout_theme",4,命中主线三日趋势承接、资金/量能承接近似、宽基趋势承接、主线突破增强；概念=半导体概念；20日涨幅20.96%；量比1.35；换手8.51%；当日涨幅1.20%，追高压力相对可控,4
56.1,55.974000000000004,54.847,51.77049999999999,41.26116666666666,61.1,51.61,1.2165856553397216,7.864965184679444,36.629322942036055,6.25,0.5639097744360904,0.43609022556390964,0.44661654135338336,-0.10834236186349244,2.2845369847028962,8.362870746853929,-8.183306055646483,4047311905.0,10.79,1.3,52.35,-4.028520499108734,13.90374331550801,605358.SH,立昂微,2026-06-01,2013.97,5.61,58200666743.0,True,True,False,core,['半导体概念'],3.728211,12.655218,3.728211,main_theme,主线三日趋势承接,4,554.641,"main_theme,broad_trend",2,命中主线三日趋势承接、宽基趋势承接；概念=半导体概念；20日涨幅36.63%；量比1.22；换手10.79%；当日涨幅1.30%，追高压力相对可控,5
35.6,34.256,33.569,31.237000000000002,27.604333333333333,36.18,32.9,0.9208841962348322,5.546880638289027,34.137151469480045,6.459330143540683,0.845714285714288,0.154285714285712,0.44571428571428634,-0.5981201936770191,6.050224909887092,13.967410442744182,-1.6030956329463777,922679809.0,5.22,1.4,34.12,-2.0224719101123556,-3.2022471910112427,605020.SH,永和股份,2026-06-02,29.2,3.69,21055947762.0,True,True,False,core,['液冷概念'],4.47335,11.592793,4.716564,main_theme,主线三日趋势承接,1,643.0,"main_theme,broad_trend,breakout_theme",3,命中主线三日趋势承接、宽基趋势承接、主线突破增强；概念=液冷概念；20日涨幅34.14%；量比0.92；换手5.22%；当日涨幅1.40%，追高压力相对可控,1
398.8,395.948,384.327,355.8265,291.2705,430.59,369.0,1.2321654772075026,6.480165549984131,26.062905010273425,1.3082687666709205,0.8514285714285718,0.14857142857142824,0.48799999999999955,1.5999999999999943,3.765803599538927,12.077093752151697,-7.382893239508576,5633105137.92,2.17,4.95,369.0,-4.212637913741224,-6.469408224674023,002916.SZ,深南电路,2026-06-02,86.83,17.94,295285718933.0,True,True,False,core,"['PCB', '存储芯片']",4.332608,12.286059,4.332608,main_theme,主线三日趋势承接,2,630.0,"main_theme,fund_flow,broad_trend",3,"命中主线三日趋势承接、资金/量能承接近似、宽基趋势承接；概念=PCB,存储芯片；20日涨幅26.06%；量比1.23；换手2.17%；当日涨幅4.95%，需等分时承接确认",2
131.0,129.38,122.41499999999999,114.56700000000001,95.98150000000001,138.87,119.2,1.1993899665065653,6.151598223596739,25.61127624892127,2.1124015901473427,0.9225957779515239,0.07740422204847605,0.3752931978107893,1.2162272467553663,7.013029449005444,14.34357188370123,-5.667170735219997,10748522009.81,4.4,6.93,119.2,-0.916030534351131,1.6946564885496285,002463.SZ,沪电股份,2026-06-02,57.05,17.91,283420261729.0,True,True,False,core,['PCB'],4.162379,12.511303,4.162379,main_theme,主线三日趋势承接,4,590.0,"main_theme,fund_flow,broad_trend",3,命中主线三日趋势承接、资金/量能承接近似、宽基趋势承接；概念=PCB；20日涨幅25.61%；量比1.20；换手4.40%；当日涨幅6.93%，需等分时承接确认,3
23.75,23.626,22.901,21.2065,18.255666666666666,24.99,22.08,1.0882812088124514,6.1670441864443575,30.781938325991177,2.370689655172413,0.7877358490566042,0.2122641509433958,0.4669811320754724,0.2607561929595761,3.707261691629185,11.993964114776134,-4.961984793917566,653298941.0,7.61,3.22,22.08,3.915789473684206,2.2736842105263166,300151.SZ,昌红科技,2026-06-02,191.51,8.45,12987905778.0,True,True,False,core,['半导体概念'],4.274213,11.44249,4.274213,main_theme,主线三日趋势承接,3,577.0,"main_theme,broad_trend",2,命中主线三日趋势承接、宽基趋势承接；概念=半导体概念；20日涨幅30.78%；量比1.09；换手7.61%；当日涨幅3.22%，追高压力相对可控,4
51.35,51.164,51.448,48.7305,38.028666666666666,55.75,45.99,1.0071892915948353,7.70708459382606,25.091352009744213,-1.7224880382775183,0.8361934477379098,0.16380655226209012,0.34945397815912577,0.9206947060054489,-0.19048359508630597,5.375483526744034,-7.892376681614337,4235369221.0,8.55,7.45,45.99,10.009737098344695,10.535540408958122,601208.SH,东材科技,2026-06-02,99.55,12.22,74399973752.0,True,True,False,core,"['PCB', '半导体概念', '光刻机(胶)', 'MLCC']",4.109527,11.888648,4.109527,main_theme,主线三日趋势承接,5,564.0,"main_theme,fund_flow,broad_trend",3,"命中主线三日趋势承接、资金/量能承接近似、宽基趋势承接；概念=PCB,半导体概念,光刻机(胶)；20日涨幅25.09%；量比1.01；换手8.55%；当日涨幅7.45%，需等分时承接确认",5
63.26,60.246,56.91799999999999,54.211,42.187333333333335,64.09,51.0,1.1607979024746706,8.56350677784318,35.66373579240832,8.99379738111648,0.8734177215189877,0.12658227848101233,0.474683544303798,0.27494743651949705,11.142345128079015,16.692184243050306,-1.295053830550799,1861040117.0,9.55,2.31,60.5,-3.651596585520067,-14.100537464432495,603031.SH,安孚科技,2026-06-03,36.39,6.91,19454943238.0,True,True,False,core,"['CPO概念', 'AI芯片']",4.415215,12.21374,4.415215,main_theme,主线三日趋势承接,1,619.0,"main_theme,broad_trend",2,"命中主线三日趋势承接、宽基趋势承接；概念=CPO概念,AI芯片；20日涨幅35.66%；量比1.16；换手9.55%；当日涨幅2.31%，追高压力相对可控",1
33.5,30.9,30.722,30.660499999999995,25.308,33.96,27.88,1.0822021555490824,6.44476957115552,17.957746478873247,11.666666666666671,0.8580246913580245,0.1419753086419755,0.21913580246913594,0.03182686187142281,9.042380053381933,9.261101417132807,-1.3545347467608906,133065318.0,5.25,6.62,30.72,2.3582089552238727,-1.9402985074626788,301273.SZ,瑞晨环保,2026-06-03,-39.08,3.27,2854495538.0,True,True,False,core,['AI芯片'],3.968661,10.104154,6.267732,main_theme,主线三日趋势承接,2,597.843,"main_theme,broad_trend",2,命中主线三日趋势承接、宽基趋势承接；概念=AI芯片；20日涨幅17.96%；量比1.08；换手5.25%；当日涨幅6.62%，需等分时承接确认,2
24.68,23.922,23.236,21.532500000000002,18.372333333333334,25.48,22.08,1.0477708250443087,6.284173396277357,32.11991434689509,0.4477004477004414,0.5811518324607327,0.41884816753926735,0.13612565445026073,0.33684210526314473,6.214494749526594,14.61743875536979,-3.139717425431712,669473250.0,7.39,3.92,23.57,2.309562398703413,-9.886547811993518,300151.SZ,昌红科技,2026-06-03,191.51,8.45,12987905778.0,True,True,False,core,['半导体概念'],3.750486,11.4795,3.750486,main_theme,主线三日趋势承接,4,579.752,"main_theme,broad_trend,breakout_theme",3,命中主线三日趋势承接、宽基趋势承接、主线突破增强；概念=半导体概念；20日涨幅32.12%；量比1.05；换手7.39%；当日涨幅3.92%，追高压力相对可控,3
71.71,67.674,65.41900000000001,62.1125,56.40566666666667,73.16,61.3,1.0908929657599735,7.158939933457291,13.483146067415717,3.9727417717848112,0.8198757763975151,0.1801242236024849,0.09689440993788838,-0.9321906480228535,9.616472278695753,15.451801167236852,-1.98195735374523,8723599980.32,8.45,7.82,65.11,3.653604797099441,-5.285176404964432,000657.SZ,中钨高新,2026-06-03,61.54,22.32,226743923844.0,True,True,False,core,"['PCB', '新材料']",3.693569,11.705746,3.693569,main_theme,主线三日趋势承接,6,568.468,"main_theme,fund_flow,broad_trend,breakout_theme",4,"命中主线三日趋势承接、资金/量能承接近似、宽基趋势承接、主线突破增强；概念=PCB,新材料；20日涨幅13.48%；量比1.09；换手8.45%；当日涨幅7.82%，需等分时承接确认",4
65.6,62.652,61.438,58.297000000000004,49.140166666666666,68.61,58.08,1.2123447646893906,7.560148946286853,29.363044764346284,3.715415019762844,0.72258064516129,0.27741935483871,0.24516129032258274,-0.17125953604234212,6.774309059539689,12.527231246890906,-4.387115580819128,1816741878.0,12.86,2.13,63.36,20.304878048780495,2.2713414634146556,300726.SZ,宏达电子,2026-06-03,98.31,7.71,36942034097.0,True,True,False,core,"['半导体概念', 'MLCC']",3.751116,11.93979,3.751116,main_theme,主线三日趋势承接,3,548.756,main_theme,1,"命中主线三日趋势承接；概念=半导体概念,MLCC；20日涨幅29.36%；量比1.21；换手12.86%；当日涨幅2.13%，追高压力相对可控",5
17.24,16.735999999999997,16.393,16.1365,14.614,17.68,15.22,1.1321516189540428,5.6809830003631845,19.307958477508635,10.442024343369624,0.8135593220338933,0.1864406779661068,0.3389830508474565,-0.4694835680751055,5.166839504666612,6.83853375886963,-2.488687782805428,355056349.0,6.38,1.17,16.76,2.78422273781902,3.480278422273786,603386.SH,骏亚科技,2026-06-04,-82.9,5.18,6780982797.0,True,True,False,core,"['PCB', '半导体概念']",4.313094,10.647847,7.681665,main_theme,主线三日趋势承接,2,623.0,"main_theme,broad_trend,breakout_theme",3,"命中主线三日趋势承接、宽基趋势承接、主线突破增强；概念=PCB,半导体概念；20日涨幅19.31%；量比1.13；换手6.38%；当日涨幅1.17%，追高压力相对可控",1
17.56,17.366,17.055,16.2725,13.199000000000002,18.73,16.11,1.2389421555446123,8.764524438155277,14.696276943174396,5.974652987326493,0.9294871794871776,0.07051282051282232,0.46794871794871756,-2.658959537572258,2.961008501905596,7.9121216776770495,-6.246663107314475,1549396404.0,8.19,1.5,16.11,-4.669703872437358,-5.5808656036446465,603002.SH,宏昌电子,2026-06-04,15872.4,8.65,29746879291.0,True,True,False,core,['PCB'],4.304454,11.163919,4.304454,main_theme,主线三日趋势承接,3,593.0,"main_theme,fund_flow,broad_trend",3,命中主线三日趋势承接、资金/量能承接近似、宽基趋势承接；概念=PCB；20日涨幅14.70%；量比1.24；换手8.19%；当日涨幅1.50%，追高压力相对可控,2
74.33,68.746,67.181,62.669500000000006,56.55016666666666,74.81,61.3,1.0834666854144321,7.291812426488724,22.920456424673404,9.308823529411754,0.9173838209982782,0.08261617900172183,0.25817555938037856,-1.687351833774926,10.641401586758164,18.606339606985827,-0.6416254511429003,7680795539.2,7.27,3.65,69.0,-5.6908381541773245,-4.749091887528589,000657.SZ,中钨高新,2026-06-04,61.54,22.32,226743923844.0,True,True,False,core,"['PCB', '新材料']",4.284089,12.114896,4.284089,main_theme,主线三日趋势承接,4,591.0,"main_theme,fund_flow,broad_trend",3,"命中主线三日趋势承接、资金/量能承接近似、宽基趋势承接；概念=PCB,新材料；20日涨幅22.92%；量比1.08；换手7.27%；当日涨幅3.65%，追高压力相对可控",3
77.67,76.898,75.869,66.6545,52.63633333333334,89.74,71.31,1.2688632394742967,9.36052667313818,40.45207956600362,-0.7665772326561893,0.7461773700305813,0.25382262996941873,0.7431192660550445,-2.924999999999997,2.37382857293494,16.526266043552965,-13.449966570091362,1925780880.0,12.99,-2.91,75.23,-4.956868803914006,-7.802240247199698,301071.SZ,力量钻石,2026-06-04,176.53,4.82,25402577749.0,True,True,False,core,"['半导体概念', '新材料']",4.340156,12.576074,4.340156,main_theme,主线三日趋势承接,1,590.0,main_theme,1,"命中主线三日趋势承接；概念=半导体概念,新材料；20日涨幅40.45%；量比1.27；换手12.99%；当日涨幅-2.91%，追高压力相对可控",4
685.64,651.832,631.067,590.1015,488.63866666666667,714.0,587.81,1.0403685707835792,6.847658373069095,32.05701078582433,7.24855310495856,0.7824675324675318,0.21753246753246822,0.5401785714285695,-1.1604740783829044,8.647734709626704,16.19018084177044,-3.9719887955182145,4380402111.0,3.97,-0.29,666.36,-5.346829239834305,-8.551134706259845,300757.SZ,罗博特科,2026-06-04,-634.61,60.61,98536808457.0,True,True,False,core,"['CPO概念', '半导体概念']",4.091924,12.284733,23.223639,main_theme,主线三日趋势承接,5,536.0,"main_theme,broad_trend",2,"命中主线三日趋势承接、宽基趋势承接；概念=CPO概念,半导体概念；20日涨幅32.06%；量比1.04；换手3.97%；当日涨幅-0.29%，追高压力相对可控",5
6.94,6.382,6.479000000000001,6.118,5.484666666666667,7.15,5.81,1.2137283563922994,5.805257467583815,24.150268336314866,14.14473684210526,0.6769230769230772,0.3230769230769229,0.5846153846153841,2.533532041728776,7.115295570304056,13.43576332134684,-2.937062937062933,1970616264.0,9.59,3.43,6.5,-2.737752161383289,12.247838616714702,600226.SH,亨通股份,2026-06-05,109.03,8.45,31320234289.0,True,True,False,core,['PCB'],4.287545,11.715844,4.287545,main_theme,主线三日趋势承接,1,614.0,"main_theme,breakout_theme",2,命中主线三日趋势承接、主线突破增强；概念=PCB；20日涨幅24.15%；量比1.21；换手9.59%；当日涨幅3.43%，追高压力相对可控,1
10.32,9.93,9.815999999999999,9.7375,8.471166666666667,10.68,9.26,1.0271652906368134,5.318122042334142,10.610932475884255,6.172839506172849,0.8450704225352119,0.15492957746478814,0.29577464788732305,-1.4880952380952408,5.134474327628368,5.982028241335044,-3.3707865168539257,208556234.0,9.45,2.38,9.72,-1.8410852713178216,7.267441860465107,300665.SZ,飞鹿股份,2026-06-05,-103.62,5.5,2479039884.0,True,True,False,core,"['半导体概念', '新材料']",4.142189,9.876935,8.10276,main_theme,主线三日趋势承接,3,601.0,"main_theme,broad_trend,breakout_theme",3,"命中主线三日趋势承接、宽基趋势承接、主线突破增强；概念=半导体概念,新材料；20日涨幅10.61%；量比1.03；换手9.45%；当日涨幅2.38%，追高压力相对可控",2
5.59,5.5360000000000005,5.763,5.572000000000001,5.256833333333333,6.99,5.09,1.170765659712738,5.2509439047486905,0.17921146953405298,0.9025270758122588,0.892857142857142,0.10714285714285794,0.5892857142857139,-1.275045537340631,-3.0019087280929995,0.32304379038046704,-20.028612303290416,303413788.15,11.1,1.82,5.09,-6.261180679785328,-5.545617173524143,002388.SZ,新亚制程,2026-06-05,144.82,2.77,2660734496.0,True,True,False,core,['半导体概念'],4.159201,9.661762,4.466701,main_theme,主线三日趋势承接,2,599.0,"main_theme,broad_trend",2,命中主线三日趋势承接、宽基趋势承接；概念=半导体概念；20日涨幅0.18%；量比1.17；换手11.10%；当日涨幅1.82%，追高压力相对可控,3
9.26,9.114,9.008,8.891499999999999,8.969333333333335,9.58,8.75,1.2446420131971738,4.938871579058659,6.682027649769594,4.0449438202247165,0.7999999999999989,0.200000000000001,0.17142857142856796,-0.6593406593406712,2.797513321492005,4.144407580273295,-3.3402922755741145,304917320.66,2.74,1.76,8.98,-5.507559395248373,-21.382289416846646,002243.SZ,力合科创,2026-06-05,-92.28,1.1,7929457634.0,True,True,False,core,['半导体概念'],3.995721,10.062925,8.357292,main_theme,主线三日趋势承接,4,578.979,"main_theme,broad_trend,breakout_theme",3,命中主线三日趋势承接、宽基趋势承接、主线突破增强；概念=半导体概念；20日涨幅6.68%；量比1.24；换手2.74%；当日涨幅1.76%，追高压力相对可控,4
13.14,12.604,12.584,12.3895,12.264999999999999,13.37,11.83,1.39914176798743,5.13895953534624,3.8735177865612656,7.6167076167076,0.7745098039215699,0.22549019607843016,0.41176470588235303,-1.0077519379845086,4.418308963763522,6.057548730780098,-1.7202692595362663,1095825126.0,8.34,1.86,12.35,-2.3592085235920934,-1.9025875190258779,603328.SH,XD依顿电,2026-06-05,85.34,3.09,12859940830.0,True,True,False,core,['PCB'],3.980253,10.632559,4.207753,main_theme,主线三日趋势承接,5,572.901,"main_theme,fund_flow,broad_trend,breakout_theme",4,命中主线三日趋势承接、资金/量能承接近似、宽基趋势承接、主线突破增强；概念=PCB；20日涨幅3.87%；量比1.40；换手8.34%；当日涨幅1.86%，追高压力相对可控,5
13.24,12.684000000000001,12.219,11.903,11.582,13.27,11.51,1.688425732478119,4.949652599978525,12.489379779099409,11.354079058031957,1.0,0.0,0.07594936708860814,-2.6459143968871643,8.355839266715776,11.23246240443585,-0.22607385079125208,1894944275.69,9.05,3.04,12.45,1.5105740181268867,-2.7190332326283984,002171.SZ,楚江新材,2026-06-08,41.13,2.63,23061947161.0,True,True,False,core,"['铜缆高速连接', 'PCB', '半导体概念', '新材料']",3.875642,11.590491,4.218142,main_theme,主线三日趋势承接,1,675.378,"main_theme,fund_flow,broad_trend,breakout_theme",4,"命中主线三日趋势承接、资金/量能承接近似、宽基趋势承接、主线突破增强；概念=铜缆高速连接,PCB,半导体概念；20日涨幅12.49%；量比1.69；换手9.05%；当日涨幅3.04%，追高压力相对可控",1
43.48,42.53,39.531,39.7255,40.2725,44.45,39.58,2.0262826047026827,5.9888309802340745,5.100314237370071,2.668240850059007,0.7568922305764397,0.24310776942356027,0.01754385964912287,-2.9221556886227518,9.989628392906823,9.451108230229949,-2.1822272215973157,3162112583.0,9.29,4.14,40.46,2.828886844526224,-5.519779208831643,301236.SZ,软通动力,2026-06-08,-30.84,3.25,43157041083.0,True,True,False,core,['液冷概念'],2.896136,11.781276,4.964778,main_theme,主线三日趋势承接,3,627.481,"main_theme,fund_flow,broad_trend,breakout_theme",4,命中主线三日趋势承接、资金/量能承接近似、宽基趋势承接、主线突破增强；概念=液冷概念；20日涨幅5.10%；量比2.03；换手9.29%；当日涨幅4.14%，追高压力相对可控,2
56.44,54.628,54.867000000000004,54.3605,49.733333333333334,59.8,50.51,1.0719939534811485,5.348499490689713,4.518518518518519,5.772113943028472,0.6423841059602635,0.35761589403973654,0.1026490066225172,-1.243243243243242,2.866932764685501,3.8253879195371496,-5.618729096989966,145294520.0,10.37,1.69,54.5,-0.8150248051027709,-5.173635719347969,301512.SZ,智信精密,2026-06-08,-23.87,2.34,2465603082.0,True,True,False,core,['PCB'],3.232835,9.460169,5.329835,main_theme,主线三日趋势承接,2,606.164,"main_theme,fund_flow,broad_trend",3,命中主线三日趋势承接、资金/量能承接近似、宽基趋势承接；概念=PCB；20日涨幅4.52%；量比1.07；换手10.37%；当日涨幅1.69%，追高压力相对可控,3
16.57,15.894,15.419999999999998,15.104000000000003,14.145999999999999,16.57,13.8,1.4617604372299982,4.9701435012269455,11.883862255232941,7.179818887451489,1.0,0.0,0.0272727272727267,-2.3314429741650855,7.457846952010399,9.706038135593204,0.0,808065104.0,11.38,4.41,15.47,-0.06035003017502705,-5.431502715751357,603212.SH,赛伍技术,2026-06-08,-114.37,2.21,5276137070.0,True,False,True,satellite,"['新材料', 'MLCC']",2.775596,10.9634,7.49081,main_theme,主线三日趋势承接,5,509.878,"main_theme,fund_flow,broad_trend,breakout_theme",4,"命中主线三日趋势承接、资金/量能承接近似、宽基趋势承接、主线突破增强；概念=新材料,MLCC；20日涨幅11.88%；量比1.46；换手11.38%；当日涨幅4.41%，追高压力相对可控",4
9.36,8.754000000000001,8.656,8.1495,6.920333333333334,9.56,8.13,0.9998332299093192,6.9847078737424395,17.884130982367736,9.09090909090908,0.8529411764705875,0.1470588235294124,0.29411764705882354,-2.6047565118912814,8.13308687615526,14.853672004417447,-2.092050209205027,409414659.0,12.95,6.0,8.2,1.0683760683760868,5.128205128205132,300234.SZ,开尔新材,2026-06-08,359.26,4.95,5585199099.0,True,False,True,satellite,['新材料'],2.854367,10.506203,2.854367,main_theme,主线三日趋势承接,4,481.272,"main_theme,breakout_theme",2,命中主线三日趋势承接、主线突破增强；概念=新材料；20日涨幅17.88%；量比1.00；换手12.95%；当日涨幅6.00%，需等分时承接确认,5
17.84,17.509999999999998,16.878,16.508000000000003,14.767166666666666,18.4,16.4,1.133878389176891,5.951968269828968,12.768647281921616,4.694835680751169,0.8499999999999989,0.1500000000000011,0.7750000000000006,0.3952569169960469,5.699727455859687,8.068815119941817,-3.0434782608695627,359129359.0,6.24,0.73,17.16,4.204035874439471,-3.419282511210764,603386.SH,骏亚科技,2026-06-09,-82.9,5.18,6780982797.0,True,True,False,core,"['PCB', '半导体概念']",4.717811,10.327562,8.086383,main_theme,主线三日趋势承接,1,643.0,"main_theme,broad_trend,breakout_theme",3,"命中主线三日趋势承接、宽基趋势承接、主线突破增强；概念=PCB,半导体概念；20日涨幅12.77%；量比1.13；换手6.24%；当日涨幅0.73%，追高压力相对可控",1
21.8,21.348,21.020999999999997,20.0045,18.779666666666667,22.61,20.25,1.2835252029612247,5.107801360117496,21.44846796657383,5.671352399418339,0.8977272727272728,0.10227272727272722,0.8636363636363623,0.0,3.7058179915322853,8.975480516883707,-3.582485625829264,1317487575.25,4.65,0.14,21.01,-2.5229357798165153,-6.743119266055054,000887.SZ,中鼎股份,2026-06-09,17.73,1.58,22841097110.0,True,True,False,core,['液冷概念'],4.708014,11.475695,5.806443,main_theme,主线三日趋势承接,2,642.0,"main_theme,fund_flow,broad_trend,quality_trend",4,命中主线三日趋势承接、资金/量能承接近似、宽基趋势承接、质量趋势；概念=液冷概念；20日涨幅21.45%；量比1.28；换手4.65%；当日涨幅0.14%，追高压力相对可控,2
141.09,136.38600000000002,132.88299999999998,121.77649999999998,101.05633333333334,142.78,125.0,1.2483577714747451,7.180059430416621,25.324213892343224,8.697996918335903,0.8697524219590952,0.13024757804090475,0.5371367061356295,0.7299270072992812,6.176109810886274,15.859792324463285,-1.1836391651491738,17184829215.45,6.5,2.99,133.01,-7.4349705861506905,-11.262314834502796,002463.SZ,沪电股份,2026-06-09,57.05,17.91,283420261729.0,True,True,False,core,['PCB'],4.675938,12.749714,4.675938,main_theme,主线三日趋势承接,4,613.0,"main_theme,fund_flow,broad_trend,breakout_theme",4,命中主线三日趋势承接、资金/量能承接近似、宽基趋势承接、主线突破增强；概念=PCB；20日涨幅25.32%；量比1.25；换手6.50%；当日涨幅2.99%，追高压力相对可控,3
288.68,285.668,286.023,264.2405,204.99283333333332,309.49,260.49,0.8333055446253305,8.414024437371873,23.700561340360807,0.9405923284030848,0.9860917941585543,0.013908205841445666,0.6571627260083444,2.2616775308819825,0.9289462735514178,9.248960700573903,-6.723965233125455,1409238917.0,1.17,3.97,274.5,-6.190245254260773,-4.046002494111134,301200.SZ,大族数控,2026-06-09,140.37,16.42,181314290208.0,True,True,False,core,['PCB'],4.695076,11.167318,4.695076,main_theme,主线三日趋势承接,3,589.0,"main_theme,fund_flow,broad_trend",3,命中主线三日趋势承接、资金/量能承接近似、宽基趋势承接；概念=PCB；20日涨幅23.70%；量比0.83；换手1.17%；当日涨幅3.97%，追高压力相对可控,4
168.2,163.18,159.538,152.915,110.5,185.61,146.62,1.1481509479998602,10.385843640463769,33.502658941185814,11.82767103251112,0.9072368421052616,0.09276315789473838,0.6059210526315788,0.0061120958376506,5.429427471824894,9.995749272471642,-9.379882549431613,3363688898.0,11.45,2.81,154.41,-5.107015457788333,-20.380499405469678,300776.SZ,帝尔激光,2026-06-09,84.75,11.93,55478101692.0,True,True,False,core,['玻璃基板'],4.522595,12.3501,4.522595,main_theme,主线三日趋势承接,5,535.0,"main_theme,broad_trend",2,命中主线三日趋势承接、宽基趋势承接；概念=玻璃基板；20日涨幅33.50%；量比1.15；换手11.45%；当日涨幅2.81%，追高压力相对可控,5
72.9,71.21,69.442,64.593,56.966833333333334,74.81,64.57,1.001065279261979,7.89476516084685,23.45469940728198,-1.9238530875824011,0.7343750000000014,0.26562499999999856,0.15312500000000082,-2.288135593220332,4.979695285274062,12.860526682457845,-2.5531346076727743,7404502193.07,7.03,2.97,68.2,6.927297668038412,19.20438957475994,000657.SZ,中钨高新,2026-06-10,61.54,22.32,226743923844.0,True,True,False,core,"['PCB', '新材料']",3.984896,12.043296,3.984896,main_theme,主线三日趋势承接,2,655.924,"main_theme,fund_flow,broad_trend,breakout_theme",4,"命中主线三日趋势承接、资金/量能承接近似、宽基趋势承接、主线突破增强；概念=PCB,新材料；20日涨幅23.45%；量比1.00；换手7.03%；当日涨幅2.97%，追高压力相对可控",1
40.01,38.374,37.089999999999996,35.5895,35.13633333333333,40.62,36.64,1.1194144953278413,5.921108079678443,17.056758338209477,5.678816693079767,0.8319559228650137,0.16804407713498629,0.0165289256198334,-0.7766470273165709,7.872741978970083,12.420798269152414,-1.501723289020191,4244682569.0,3.95,7.15,36.99,2.47438140464884,16.445888527868057,600160.SH,巨化股份,2026-06-10,29.32,6.68,137552062827.0,True,True,False,core,"['半导体概念', '液冷概念', '工业气体']",3.800676,11.600098,3.962962,main_theme,主线三日趋势承接,3,631.003,"main_theme,fund_flow,broad_trend,breakout_theme",4,"命中主线三日趋势承接、资金/量能承接近似、宽基趋势承接、主线突破增强；概念=半导体概念,液冷概念,工业气体；20日涨幅17.06%；量比1.12；换手3.95%；当日涨幅7.15%，需等分时承接确认",2
69.44,69.966,67.078,61.00699999999999,47.227999999999994,73.19,65.1,0.9282800441581504,8.614387139224817,33.30773660971394,-4.549828178694156,0.6906249999999974,0.30937500000000256,0.6906249999999974,-2.2334597555836524,3.5212737410179216,13.823003917583236,-5.1236507719633835,587839986.0,3.42,-2.46,67.23,-5.731566820276502,5.7171658986175045,300863.SZ,卡倍亿,2026-06-10,43.37,12.02,17454091440.0,True,True,False,core,['铜缆高速连接'],4.173929,11.362926,4.173929,main_theme,主线三日趋势承接,1,619.0,"main_theme,broad_trend",2,命中主线三日趋势承接、宽基趋势承接；概念=铜缆高速连接；20日涨幅33.31%；量比0.93；换手3.42%；当日涨幅-2.46%，追高压力相对可控,3
28.55,27.802,28.175,26.615,21.940333333333335,31.16,25.31,0.8380714616732488,6.375178627215053,25.329236172080755,0.42208934224410655,0.621621621621623,0.3783783783783769,0.46846846846846835,0.24726245143058634,1.3309671694764944,7.270336276535801,-8.376123234916548,1363627404.91,11.25,0.85,27.86,-3.222416812609463,14.1506129597198,002741.SZ,光华科技,2026-06-10,110.51,9.4,18187022544.0,True,True,False,core,['PCB'],3.783107,11.239229,3.783107,main_theme,主线三日趋势承接,4,585.916,"main_theme,fund_flow,broad_trend",3,命中主线三日趋势承接、资金/量能承接近似、宽基趋势承接；概念=PCB；20日涨幅25.33%；量比0.84；换手11.25%；当日涨幅0.85%，追高压力相对可控,4
13.71,13.547999999999998,13.963,13.523,11.903166666666666,16.08,12.67,0.8085741379744412,5.85793774670051,12.469237079573432,-0.9393063583815007,0.7454545454545471,0.25454545454545285,0.2909090909090917,-2.0378457059679675,-1.8119315333380968,1.3828292538637896,-14.738805970149244,503189519.0,6.77,-0.22,13.3,-2.698760029175795,1.5317286652078765,300041.SZ,回天新材,2026-06-10,25.8,2.94,8648879354.0,True,True,False,core,"['PCB', '半导体概念']",3.582188,10.133768,4.110045,main_theme,主线三日趋势承接,6,540.911,"main_theme,fund_flow,broad_trend,quality_trend",4,"命中主线三日趋势承接、资金/量能承接近似、宽基趋势承接、质量趋势；概念=PCB,半导体概念；20日涨幅12.47%；量比0.81；换手6.77%；当日涨幅-0.22%，追高压力相对可控",5
160.9,161.43599999999998,156.596,147.131,113.50916666666667,175.98,147.0,1.0324914635582243,8.371165338325318,31.99343724364232,1.9709740794727253,0.9910313901345309,0.00896860986546908,0.584080717488791,-1.7983140805494742,2.7484737796623193,9.358326933141228,-8.56915558586202,1450790378.0,4.83,0.47,152.06,3.990055935363568,12.722187694220022,300814.SZ,中富电路,2026-06-11,502.39,23.19,37979738189.0,True,True,False,core,"['CPO概念', 'PCB', '半导体概念', '液冷概念']",4.760252,11.793768,4.760252,main_theme,主线三日趋势承接,1,619.0,"main_theme,broad_trend",2,"命中主线三日趋势承接、宽基趋势承接；概念=CPO概念,PCB,半导体概念；20日涨幅31.99%；量比1.03；换手4.83%；当日涨幅0.47%，追高压力相对可控",1
13.81,13.264000000000001,12.866,12.5265,12.320166666666665,13.82,12.08,1.4651681227460946,5.950290523269739,16.93480101608806,5.098934550989355,0.9942528735632186,0.005747126436781486,0.27011494252873597,-2.6377036462373837,7.337167728897882,10.246277890871355,-0.0723589001447209,1028288248.0,7.77,7.14,12.08,-4.344677769732074,2.9688631426502576,603328.SH,XD依顿电,2026-06-11,85.34,3.09,12859940830.0,True,True,False,core,['PCB'],4.19263,11.324023,4.42013,main_theme,主线三日趋势承接,4,607.0,"main_theme,fund_flow,broad_trend,breakout_theme",4,命中主线三日趋势承接、资金/量能承接近似、宽基趋势承接、主线突破增强；概念=PCB；20日涨幅16.93%；量比1.47；换手7.77%；当日涨幅7.14%，需等分时承接确认,2
483.5,485.37,485.8089999999999,470.87,351.84000000000003,552.82,451.0,0.7363803396379758,7.40295657884623,29.074454737179337,-0.9221311475409806,0.8333333333333334,0.16666666666666666,0.6346666666666655,-0.06655020380999588,-0.47528967145522927,2.6822689914413758,-12.539343728519242,14211235696.0,4.45,0.55,471.0,-0.4198552223371177,10.18821096173732,603986.SH,兆易创新,2026-06-11,92.45,21.8,540347191230.0,True,True,False,core,"['存储芯片', '半导体概念']",4.342121,12.342735,4.342121,main_theme,主线三日趋势承接,2,598.0,"main_theme,broad_trend",2,"命中主线三日趋势承接、宽基趋势承接；概念=存储芯片,半导体概念；20日涨幅29.07%；量比0.74；换手4.45%；当日涨幅0.55%，追高压力相对可控",3
24.08,24.226,24.101999999999997,23.839,20.291666666666668,30.19,22.04,0.91214901365131,8.980074407456572,15.658021133525452,-5.827141181071568,0.9230769230769224,0.07692307692307766,0.3891402714932123,-0.521285838401397,-0.09127873205542869,1.0109484458240843,-20.238489566081498,483379310.0,9.56,4.6,22.04,-2.200996677740852,4.4435215946843964,301379.SZ,天山电子,2026-06-11,87.48,4.84,6895609747.0,True,True,False,core,"['PCB', '存储芯片']",4.194855,10.379338,4.194855,main_theme,主线三日趋势承接,3,577.0,"main_theme,broad_trend",2,"命中主线三日趋势承接、宽基趋势承接；概念=PCB,存储芯片；20日涨幅15.66%；量比0.91；换手9.56%；当日涨幅4.60%，需等分时承接确认",4
10.13,9.682,9.552000000000001,9.562,9.21,10.61,8.43,1.284906917528234,6.913666012550516,3.051881993896231,7.537154989384305,0.8684210526315814,0.1315789473684186,0.7894736842105256,-0.29615004935836,6.051088777219434,5.940179878686493,-4.524033930254461,2607865246.11,6.47,0.0,9.8,-1.4807502467917066,1.9743336623889274,002129.SZ,TCL中环,2026-06-11,-6.87,2.26,45242465500.0,True,True,False,core,"['半导体概念', '新材料']",4.160289,10.853786,5.791575,main_theme,主线三日趋势承接,5,550.0,"main_theme,fund_flow,broad_trend",3,"命中主线三日趋势承接、资金/量能承接近似、宽基趋势承接；概念=半导体概念,新材料；20日涨幅3.05%；量比1.28；换手6.47%；当日涨幅0.00%，追高压力相对可控",5
13.59,13.169999999999998,12.77,12.144499999999999,11.630833333333333,13.71,12.24,1.446839381178286,5.1940285737361815,17.96875,2.6435045317220442,0.8536585365853647,0.1463414634146353,0.25609756097560854,1.708074534161483,6.421299921691471,11.902507307834824,-0.8752735229759452,2231944479.17,10.34,5.51,12.89,1.324503311258285,10.375275938189855,002171.SZ,楚江新材,2026-06-12,41.13,2.63,23061947161.0,True,True,False,core,"['铜缆高速连接', 'PCB', '半导体概念', '新材料']",4.05872,11.69396,4.40122,main_theme,主线三日趋势承接,1,676.0,"main_theme,fund_flow,broad_trend,breakout_theme",4,"命中主线三日趋势承接、资金/量能承接近似、宽基趋势承接、主线突破增强；概念=铜缆高速连接,PCB,半导体概念；20日涨幅17.97%；量比1.45；换手10.34%；当日涨幅5.51%，需等分时承接确认",1
9.12,9.044,8.686,8.014500000000002,7.741666666666666,9.41,7.82,1.6405136116341905,6.360367172287283,25.619834710743802,0.33003300330032914,0.7999999999999989,0.2000000000000011,0.2615384615384613,-1.1273957158962702,4.996546166244514,13.79374883024515,-3.0818278427205144,533960567.0,11.26,2.82,8.6,4.276315789473695,2.5219298245614086,300120.SZ,经纬辉开,2026-06-12,503.23,2.5,6266637765.0,True,True,False,core,['半导体概念'],4.049904,11.649015,4.424904,main_theme,主线三日趋势承接,2,653.0,"main_theme,fund_flow,broad_trend,breakout_theme",4,命中主线三日趋势承接、资金/量能承接近似、宽基趋势承接、主线突破增强；概念=半导体概念；20日涨幅25.62%；量比1.64；换手11.26%；当日涨幅2.82%，追高压力相对可控,2
15.67,15.298000000000002,14.285,13.360999999999999,12.647666666666668,16.31,13.46,1.765827806493899,5.836474423195276,29.397192402972763,9.580419580419573,0.6333333333333334,0.3666666666666666,0.6333333333333334,2.9546946815495687,9.695484774238722,17.281640595763804,-3.923973022685473,874533956.0,6.45,2.89,15.1,1.4677728142948432,8.998085513720477,600458.SH,时代新材,2026-06-12,23.1,1.82,14622137799.0,True,True,False,core,"['半导体概念', '新材料']",3.510988,12.177464,4.395988,main_theme,主线三日趋势承接,3,608.555,"main_theme,fund_flow,broad_trend",3,"命中主线三日趋势承接、资金/量能承接近似、宽基趋势承接；概念=半导体概念,新材料；20日涨幅29.40%；量比1.77；换手6.45%；当日涨幅2.89%，追高压力相对可控",3
13.53,13.213999999999999,13.392000000000001,13.352500000000001,12.252,14.9,12.38,1.0098361162478202,7.622976028242862,1.1210762331838424,6.535433070866148,0.6036036036036029,0.3963963963963971,0.4864864864864868,0.7518796992481214,1.0304659498207656,1.3293390750795737,-9.194630872483216,436000422.0,10.08,1.73,12.86,6.57797487065781,8.130081300813007,603527.SH,众源新材,2026-06-12,26.43,1.94,4060401072.0,True,True,False,core,['铜缆高速连接'],3.495926,9.705377,4.255783,main_theme,主线三日趋势承接,4,553.48,"main_theme,broad_trend",2,命中主线三日趋势承接、宽基趋势承接；概念=铜缆高速连接；20日涨幅1.12%；量比1.01；换手10.08%；当日涨幅1.73%，追高压力相对可控,4
167.32,163.342,157.349,149.402,114.64616666666666,175.98,149.0,1.028324724924185,8.26011082787176,30.210116731517502,7.277040456498042,0.5761194029850742,0.4238805970149257,0.2164179104477615,0.9944064636420222,6.336868998214172,11.99314600875492,-4.921013751562668,1957262919.0,6.18,3.99,159.6,10.596461869471675,7.727707387042804,300814.SZ,中富电路,2026-06-12,502.39,23.19,37979738189.0,True,True,False,core,"['CPO概念', 'PCB', '半导体概念', '液冷概念']",3.408027,11.83048,3.408027,main_theme,主线三日趋势承接,5,531.04,"main_theme,broad_trend",2,"命中主线三日趋势承接、宽基趋势承接；概念=CPO概念,PCB,半导体概念；20日涨幅30.21%；量比1.03；换手6.18%；当日涨幅3.99%，追高压力相对可控",5
25.74,24.354,24.101,22.293,20.823666666666664,26.64,22.07,1.2656288727947176,6.9992680317484774,30.46122655854029,7.924528301886767,0.9911504424778748,0.008849557522125285,0.3805309734513275,1.253031527890073,6.800547695116379,15.462252725070641,-3.378378378378386,1948011768.0,10.02,4.04,24.62,6.565656565656575,0.38850038850040125,600459.SH,XD贵研铂,2026-06-15,26.05,2.6,23142347925.0,True,True,False,core,"['半导体概念', '新材料']",4.780348,12.078282,5.386063,main_theme,主线三日趋势承接,1,643.0,"main_theme,broad_trend,breakout_theme",3,"命中主线三日趋势承接、宽基趋势承接、主线突破增强；概念=半导体概念,新材料；20日涨幅30.46%；量比1.27；换手10.02%；当日涨幅4.04%，追高压力相对可控",1
133.76,131.512,132.94,126.25750000000001,104.2465,142.78,122.22,1.0296726774118161,7.410701214113382,30.370370370370352,-5.195265433411308,0.9796264855687599,0.02037351443124016,0.533106960950764,2.6357827476038267,0.6168196178727214,5.942221254182911,-6.317411402157163,12861198025.68,5.17,6.84,122.22,5.14354066985645,10.57117224880384,002463.SZ,沪电股份,2026-06-15,57.05,17.91,283420261729.0,True,True,False,core,['PCB'],4.673016,12.657473,4.673016,main_theme,主线三日趋势承接,2,598.0,"main_theme,broad_trend",2,命中主线三日趋势承接、宽基趋势承接；概念=PCB；20日涨幅30.37%；量比1.03；换手5.17%；当日涨幅6.84%，需等分时承接确认,2
22.4,21.806,20.996000000000002,20.863500000000002,19.923666666666666,22.88,20.0,1.2349936323717459,6.1626550881534365,10.836219693221167,-0.40017785682525187,0.9310344827586162,0.06896551724138375,0.586206896551722,-0.26954177897574993,6.686987997713828,7.364536151652402,-2.0979020979021072,792510044.0,6.63,0.63,21.86,3.4375000000000044,1.2053571428571663,300353.SZ,东土科技,2026-06-15,-78.49,5.63,12420836196.0,True,True,False,core,['半导体概念'],4.560572,10.675809,7.803143,main_theme,主线三日趋势承接,4,579.0,"main_theme,broad_trend,breakout_theme",3,命中主线三日趋势承接、宽基趋势承接、主线突破增强；概念=半导体概念；20日涨幅10.84%；量比1.23；换手6.63%；当日涨幅0.63%，追高压力相对可控,3
540.49,536.908,537.9680000000001,500.4785,414.77433333333335,583.84,490.13,1.2827429060130244,7.282156699227851,32.40488964013622,-3.573467494469412,0.9923152709359608,0.00768472906403914,0.4900492610837439,1.6862141136516158,0.4688011182821157,7.994649120791394,-7.424979446423691,31803945193.0,4.88,6.72,490.13,1.5744972154896564,7.583859090824996,300502.SZ,新易盛,2026-06-15,70.96,40.65,789149283144.0,True,True,False,core,['CPO概念'],4.672972,13.405468,4.672972,main_theme,主线三日趋势承接,3,577.0,"main_theme,broad_trend",2,命中主线三日趋势承接、宽基趋势承接；概念=CPO概念；20日涨幅32.40%；量比1.28；换手4.88%；当日涨幅6.72%，需等分时承接确认,4
51.35,50.78,48.343,45.1815,36.735166666666665,54.48,46.88,1.0641773617200354,8.235564879088459,15.263748597081957,-5.7452276064610714,0.9738562091503273,0.026143790849672666,0.6732026143790847,2.8189300411522566,6.2201352832881724,13.652711840023017,-5.7452276064610714,15423309740.0,9.08,5.66,46.88,5.452775073028238,10.126582278481,600522.SH,中天科技,2026-06-15,56.91,5.5,209179684171.0,True,True,False,core,"['CPO概念', '铜缆高速连接', 'PCB', '半导体概念', '液冷概念', '新材料']",4.461525,12.015542,4.461525,main_theme,主线三日趋势承接,5,569.0,"main_theme,fund_flow,broad_trend",3,"命中主线三日趋势承接、资金/量能承接近似、宽基趋势承接；概念=CPO概念,铜缆高速连接,PCB；20日涨幅15.26%；量比1.06；换手9.08%；当日涨幅5.66%，需等分时承接确认",5
16.9,16.148,15.745,14.7065,13.389166666666666,17.29,15.03,0.9867007544735802,6.482973897997304,30.70378963650424,4.643962848297221,0.6823529411764674,0.31764705882353256,0.5647058823529407,-0.11890606420926986,7.335662114957131,14.91517356271035,-2.255639097744364,629446528.0,4.41,0.48,16.32,5.680473372781081,10.177514792899434,300304.SZ,云意电气,2026-06-16,61.46,5.14,17290649807.0,True,True,False,core,['半导体概念'],4.288084,11.320849,4.288084,main_theme,主线三日趋势承接,2,622.0,"main_theme,broad_trend,breakout_theme",3,命中主线三日趋势承接、宽基趋势承接、主线突破增强；概念=半导体概念；20日涨幅30.70%；量比0.99；换手4.41%；当日涨幅0.48%，追高压力相对可控,1
87.96,83.752,86.513,81.805,70.12683333333334,99.47,78.3,0.7239366311254568,8.138982058124054,25.0497583167472,3.7264150943396146,0.8624338624338598,0.13756613756614022,0.8624338624338598,1.243093922651937,1.672580999387364,7.5239899761628095,-11.571328038604605,1588962555.6,10.04,1.24,84.7,0.04547521600728466,6.980445657116863,002897.SZ,意华股份,2026-06-16,101.71,5.97,16382918812.0,True,True,False,core,['铜缆高速连接'],4.546652,11.177538,4.546652,main_theme,主线三日趋势承接,1,619.0,"main_theme,broad_trend",2,命中主线三日趋势承接、宽基趋势承接；概念=铜缆高速连接；20日涨幅25.05%；量比0.72；换手10.04%；当日涨幅1.24%，追高压力相对可控,2
23.17,21.942,21.326,21.011499999999998,19.948666666666668,23.33,20.0,1.1665509330387944,6.348697969363824,17.138523761375126,8.423022929340206,0.896774193548389,0.10322580645161089,0.2580645161290318,-0.982142857142847,8.646722310794331,10.272945767793857,-0.6858122588941171,1093434976.0,8.92,3.44,21.78,-3.668536901165309,-4.100129477772995,300353.SZ,东土科技,2026-06-16,-78.49,5.63,12420836196.0,True,True,False,core,['半导体概念'],4.223855,11.06227,7.466427,main_theme,主线三日趋势承接,3,600.0,"main_theme,broad_trend,breakout_theme",3,命中主线三日趋势承接、宽基趋势承接、主线突破增强；概念=半导体概念；20日涨幅17.14%；量比1.17；换手8.92%；当日涨幅3.44%，追高压力相对可控,3
80.6,75.352,75.40599999999999,69.17699999999999,53.967333333333336,82.3,67.52,0.9440720274129516,9.189271862138062,36.84210526315789,2.025316455696185,0.8861003861003853,0.11389961389961473,0.22972972972972963,3.167178938928245,6.888046044081378,16.512713763245017,-2.065613608748478,908501187.0,5.53,7.71,76.01,0.9057071960297813,-4.85111662531017,603800.SH,洪田股份,2026-06-16,-287.12,23.26,18399680000.0,True,True,False,core,['玻璃基板'],4.118235,11.744503,13.321664,main_theme,主线三日趋势承接,5,557.0,"main_theme,broad_trend,breakout_theme",3,命中主线三日趋势承接、宽基趋势承接、主线突破增强；概念=玻璃基板；20日涨幅36.84%；量比0.94；换手5.53%；当日涨幅7.71%，需等分时承接确认,4
48.5,46.870000000000005,47.92999999999999,46.152,39.074666666666666,56.66,44.0,0.8901963690590167,7.028099701562342,21.249999999999986,5.756650675970349,0.7191011235955058,0.2808988764044942,0.6573033707865173,-1.0834014717906797,1.1892343000208712,5.087536834806713,-14.401694316978464,635678573.0,11.26,-0.86,47.22,19.999999999999996,13.484536082474218,301366.SZ,一博科技,2026-06-16,281.99,6.1,13083440390.0,True,True,False,core,['PCB'],4.125311,10.755934,4.125311,main_theme,主线三日趋势承接,4,556.0,"main_theme,broad_trend",2,命中主线三日趋势承接、宽基趋势承接；概念=PCB；20日涨幅21.25%；量比0.89；换手11.26%；当日涨幅-0.86%，追高压力相对可控,5
9.35,9.218,8.946,8.331,7.7844999999999995,9.62,8.6,1.0973019698024526,6.759307847710073,33.1908831908832,5.411499436302151,1.0,0.0,0.45000000000000334,-1.1904761904761898,4.515984797674946,12.231424798943706,-2.8066528066527923,427591273.0,8.8,1.19,8.95,-8.983957219251337,-4.598930481283414,300120.SZ,经纬辉开,2026-06-17,503.23,2.5,6266637765.0,True,True,False,core,['半导体概念'],4.969972,11.387875,5.344972,main_theme,主线三日趋势承接,1,643.0,"main_theme,broad_trend,breakout_theme",3,命中主线三日趋势承接、宽基趋势承接、主线突破增强；概念=半导体概念；20日涨幅33.19%；量比1.10；换手8.80%；当日涨幅1.19%，追高压力相对可控,1
18.05,17.522000000000002,17.038999999999998,16.0885,15.115499999999999,18.65,16.07,1.363816597365117,6.903003140539564,19.694960212201607,7.312722948870402,0.8214285714285748,0.17857142857142516,0.8214285714285748,-1.945945945945951,5.933446798521061,12.191938341051056,-3.217158176943684,1392999645.0,13.92,-2.43,17.59,-0.8864265927977844,-2.160664819944602,300252.SZ,金信诺,2026-06-17,142.17,4.85,12014797015.0,True,True,False,core,"['铜缆高速连接', 'PCB']",4.68884,11.492516,4.68884,main_theme,主线三日趋势承接,2,593.0,"main_theme,breakout_theme",2,"命中主线三日趋势承接、主线突破增强；概念=铜缆高速连接,PCB；20日涨幅19.69%；量比1.36；换手13.92%；当日涨幅-2.43%，追高压力相对可控",2
1276.11,1208.44,1198.4180000000001,1163.9415,919.6618333333333,1320.0,1093.0,1.0030459607493165,5.961673432598684,28.466587472567284,13.532918149466184,0.9996433666191118,0.0003566333808881799,0.1417617689015696,-1.609659559807369,6.482879930041079,9.636953403586006,-3.325000000000017,27272022889.0,1.96,2.25,1220.05,7.191386322495719,2.6565108023603123,300308.SZ,中际旭创,2026-06-17,60.96,40.37,1398381564003.0,True,True,False,core,['CPO概念'],4.484987,12.862093,4.484987,main_theme,主线三日趋势承接,3,572.0,"main_theme,breakout_theme",2,命中主线三日趋势承接、主线突破增强；概念=CPO概念；20日涨幅28.47%；量比1.00；换手1.96%；当日涨幅2.25%，追高压力相对可控,3
81.33,75.818,75.952,70.2985,54.70083333333333,82.3,67.52,0.9063267328680642,9.313559046943642,42.85965220446161,9.461641991924637,0.8906976744186048,0.10930232558139516,0.544186046511629,-0.9429280397022239,7.080787866020643,15.692368969465903,-1.178614823815309,846229423.0,5.08,0.91,77.5,-0.872986597811376,-8.508545432189852,603800.SH,洪田股份,2026-06-17,-287.12,23.26,18399680000.0,True,True,False,core,['玻璃基板'],4.405688,11.976797,13.609117,main_theme,主线三日趋势承接,5,559.0,"main_theme,broad_trend,breakout_theme",3,命中主线三日趋势承接、宽基趋势承接、主线突破增强；概念=玻璃基板；20日涨幅42.86%；量比0.91；换手5.08%；当日涨幅0.91%，追高压力相对可控,4
68.95,65.546,62.21500000000001,60.439,60.79783333333334,68.98,58.71,1.3321630395401252,5.7320450185465734,28.088426527958404,12.847790507364977,0.992405063291139,0.007594936708861042,0.2835443037974693,-0.9878760664571189,10.825363658281745,14.081966941875294,-0.043490866917949234,1222971220.0,2.97,3.2,65.03,-5.105148658448144,-4.902102973168976,603379.SH,三美股份,2026-06-17,19.94,5.11,40346559555.0,True,True,False,core,['半导体概念'],4.413337,11.824001,4.843623,main_theme,主线三日趋势承接,4,530.0,main_theme,1,命中主线三日趋势承接；概念=半导体概念；20日涨幅28.09%；量比1.33；换手2.97%；当日涨幅3.20%，追高压力相对可控,5
73.09,70.05,67.296,66.43449999999999,55.20033333333333,73.96,65.04,0.9385824630042015,7.388452484385742,8.345686332641591,10.792784599060184,1.0,0.0,0.9537953795379537,-0.28704209950791437,8.60972420351878,10.018138166163709,-1.1763115197403948,402944015.0,5.04,-0.1,70.06,8.63319195512382,8.085921466684898,300820.SZ,英杰电气,2026-06-18,127.58,7.44,18542568457.0,True,True,False,core,['半导体概念'],4.866328,9.961111,4.866328,main_theme,主线三日趋势承接,1,643.0,"main_theme,broad_trend,breakout_theme",3,命中主线三日趋势承接、宽基趋势承接、主线突破增强；概念=半导体概念；20日涨幅8.35%；量比0.94；换手5.04%；当日涨幅-0.10%，追高压力相对可控,1
64.9,62.912,61.992,58.2385,52.98683333333334,68.5,58.32,1.1546434285914817,7.717516689982714,14.603567013950197,9.277656171072593,0.8623853211009187,0.13761467889908127,0.7155963302752273,-1.1480177560079596,4.690927861659588,11.438309709212973,-5.255474452554736,3924154332.0,9.3,-0.66,63.02,9.090909090909083,18.644067796610166,300346.SZ,南大光电,2026-06-18,108.68,15.85,53993177262.0,True,True,False,core,"['半导体概念', '光刻机(胶)', '工业气体', '新材料']",4.432081,11.478568,4.432081,main_theme,主线三日趋势承接,2,628.0,"main_theme,fund_flow,broad_trend",3,"命中主线三日趋势承接、资金/量能承接近似、宽基趋势承接；概念=半导体概念,光刻机(胶),工业气体；20日涨幅14.60%；量比1.15；换手9.30%；当日涨幅-0.66%，追高压力相对可控",2
14.97,14.284,13.774000000000001,13.130500000000001,12.488333333333335,15.28,13.03,1.1986545238652508,6.291718522609568,23.007395234182425,13.323239969719907,0.7777777777777778,0.2222222222222222,0.3888888888888877,-1.7391304347826093,8.683025990997521,14.009367503141519,-2.0287958115183073,996017059.0,6.7,0.13,14.41,-3.1396125584502332,-9.285237140948565,603328.SH,XD依顿电,2026-06-18,85.34,3.09,12859940830.0,True,True,False,core,['PCB'],4.210633,11.347291,4.438133,main_theme,主线三日趋势承接,3,573.0,"main_theme,breakout_theme",2,命中主线三日趋势承接、主线突破增强；概念=PCB；20日涨幅23.01%；量比1.20；换手6.70%；当日涨幅0.13%，追高压力相对可控,3
401.93,391.06399999999996,376.269,373.0925,329.77549999999997,427.83,363.36,1.1424385254398939,7.344892483738661,3.782792811402615,5.771052631578954,0.9249291784702548,0.07507082152974517,0.5644475920679864,-1.2663896698430221,6.819854944202163,7.729316456374775,-6.053806418437219,772471675.0,10.18,0.0,388.87,-4.983454830443124,0.5150150523723029,301629.SZ,矽电股份,2026-06-18,-433.64,15.39,18037448732.0,True,True,False,core,['半导体概念'],4.118184,10.219461,17.507898,main_theme,主线三日趋势承接,4,564.0,"main_theme,fund_flow,broad_trend",3,命中主线三日趋势承接、资金/量能承接近似、宽基趋势承接；概念=半导体概念；20日涨幅3.78%；量比1.14；换手10.18%；当日涨幅0.00%，追高压力相对可控,4
32.33,30.838,29.584000000000003,28.924,27.144833333333334,32.33,29.11,1.073827689576869,5.86676536159941,8.489932885906029,9.002022926500345,1.0,0.0,0.09202453987730198,-0.16181229773462746,9.282044348296353,11.775688009957122,0.0,521321842.76,2.33,4.63,30.7,3.8354469532941637,17.847200742344583,002831.SZ,裕同科技,2026-06-18,47.11,3.99,46315500493.0,True,True,False,core,['液冷概念'],4.090644,10.21543,4.093144,main_theme,主线三日趋势承接,5,564.0,"main_theme,fund_flow,broad_trend,breakout_theme",4,命中主线三日趋势承接、资金/量能承接近似、宽基趋势承接、主线突破增强；概念=液冷概念；20日涨幅8.49%；量比1.07；换手2.33%；当日涨幅4.63%，需等分时承接确认,5
82.9,82.896,79.862,71.1495,61.4085,85.92,78.68,0.9933893048058439,6.3818169568933145,29.81522079549015,-2.5851938895416993,0.9750000000000014,0.02499999999999858,0.7325000000000017,-0.3405911689575305,3.8040620069620132,16.515224984012548,-3.51489757914338,491608938.12,7.14,0.84,79.0,-4.270205066345001,4.945717732207466,003043.SZ,华亚智能,2026-06-22,362.61,6.11,11315586276.0,True,True,False,core,"['半导体概念', '光刻机(胶)']",4.886729,11.17577,4.886729,main_theme,主线三日趋势承接,1,634.0,"main_theme,fund_flow,broad_trend",3,"命中主线三日趋势承接、资金/量能承接近似、宽基趋势承接；概念=半导体概念,光刻机(胶)；20日涨幅29.82%；量比0.99；换手7.14%；当日涨幅0.84%，追高压力相对可控",1
14.49,14.588,13.901,13.737,12.527166666666666,15.35,13.7,1.2260268677576958,7.232092735451991,8.376963350785346,0.4854368932038824,1.0,0.0,0.75,-1.849315068493155,4.2371052442270525,5.481546189124259,-5.602605863192181,302013659.0,6.73,-0.75,13.85,-8.074534161490687,-2.8295376121463045,603527.SH,众源新材,2026-06-22,26.43,1.94,4060401072.0,True,True,False,core,['铜缆高速连接'],4.578044,10.124902,5.337901,main_theme,主线三日趋势承接,2,622.0,"main_theme,broad_trend,quality_trend",3,命中主线三日趋势承接、宽基趋势承接、质量趋势；概念=铜缆高速连接；20日涨幅8.38%；量比1.23；换手6.73%；当日涨幅-0.75%，追高压力相对可控,2
579.97,561.7639999999999,547.001,530.7085,431.0941666666667,591.0,490.13,1.095961361769943,7.004092457865081,23.395246909640235,7.304482969157618,0.6441935483870976,0.35580645161290236,0.6441935483870976,0.4505743963678839,6.027228469417793,9.282214247557746,-1.8663282571911992,26306289046.0,3.63,-0.26,560.0,-4.822663241202141,5.262341155576999,300502.SZ,新易盛,2026-06-22,70.96,40.65,789149283144.0,True,True,False,core,['CPO概念'],4.278811,12.685783,4.278811,main_theme,主线三日趋势承接,4,614.0,"main_theme,fund_flow,broad_trend,breakout_theme",4,命中主线三日趋势承接、资金/量能承接近似、宽基趋势承接、主线突破增强；概念=CPO概念；20日涨幅23.40%；量比1.10；换手3.63%；当日涨幅-0.26%，追高压力相对可控,3
36.95,36.404,34.839000000000006,34.608000000000004,32.95666666666667,37.82,34.13,0.9377627709399847,6.771498857981998,10.298507462686572,2.043634355150516,0.9956331877729266,0.004366812227073368,0.2314410480349351,-0.7332205301748331,6.059301357673846,6.767221451687462,-2.3003701745108316,179610945.0,7.8,4.2,34.67,-1.8673883626522447,-7.117726657645473,301067.SZ,显盈科技,2026-06-22,-134.48,4.37,3362420880.0,True,True,False,core,['铜缆高速连接'],4.262238,9.707021,9.104524,main_theme,主线三日趋势承接,5,559.0,"main_theme,broad_trend,breakout_theme",3,命中主线三日趋势承接、宽基趋势承接、主线突破增强；概念=铜缆高速连接；20日涨幅10.30%；量比0.94；换手7.80%；当日涨幅4.20%，追高压力相对可控,4
18.62,17.696,16.717000000000002,15.4265,13.668333333333333,18.8,15.78,1.0425280531504635,6.491889457220649,34.53757225433526,10.701545778834728,0.8163265306122452,0.18367346938775472,0.7244897959183679,1.3676148796498921,11.383621463181186,20.701390464460516,-0.9574468085106247,667187218.0,4.26,1.86,17.82,2.5778732545649774,3.920515574650918,300304.SZ,云意电气,2026-06-22,61.46,5.14,17290649807.0,True,True,False,core,['半导体概念'],4.557657,11.593654,4.557657,main_theme,主线三日趋势承接,3,550.0,main_theme,1,命中主线三日趋势承接；概念=半导体概念；20日涨幅34.54%；量比1.04；换手4.26%；当日涨幅1.86%，追高压力相对可控,5
6.31,6.095999999999999,5.936,5.629,5.572666666666667,6.4,5.67,1.2867990546298085,5.59609836181969,23.2421875,4.817275747508305,0.6896551724137906,0.3103448275862094,0.2413793103448255,-1.4354066985645915,6.300539083557936,12.09806359921835,-1.4062500000000142,1180548197.0,4.67,0.64,6.11,-2.694136291600635,2.535657686212356,600516.SH,XD方大炭,2026-06-23,735.07,1.6,26048028281.0,True,True,False,core,"['半导体概念', '新材料']",3.938253,11.520992,4.538253,main_theme,主线三日趋势承接,2,653.691,"main_theme,fund_flow,broad_trend,breakout_theme",4,"命中主线三日趋势承接、资金/量能承接近似、宽基趋势承接、主线突破增强；概念=半导体概念,新材料；20日涨幅23.24%；量比1.29；换手4.67%；当日涨幅0.64%，追高压力相对可控",1
40.27,39.288,37.949,34.659499999999994,28.581,43.0,36.94,1.1097976026879612,9.185555721489727,22.17839805825244,0.5744255744255753,0.8025000000000002,0.1974999999999998,0.42249999999999943,1.4132426066474864,6.1161031911249495,16.187481065797286,-6.348837209302317,462926929.0,8.72,5.39,37.06,1.24161907126894,-1.9120933697541642,300656.SZ,民德电子,2026-06-23,-64.32,7.86,6759440344.0,True,True,False,core,['半导体概念'],4.023721,10.88423,6.861435,main_theme,主线三日趋势承接,1,639.0,"main_theme,fund_flow,broad_trend",3,命中主线三日趋势承接、资金/量能承接近似、宽基趋势承接；概念=半导体概念；20日涨幅22.18%；量比1.11；换手8.72%；当日涨幅5.39%，需等分时承接确认,2
747.49,717.9879999999999,681.3149999999999,652.5335,561.9618333333333,762.0,657.0,0.8599568821648763,5.13362496343737,11.524058187243554,11.202189857034469,0.64609756097561,0.35390243902439,0.64609756097561,0.49932885906041236,9.712834738703833,14.551973193713422,-1.9041994750656102,7407390870.71,1.38,0.33,721.0,3.0207761976748904,8.813495832720175,002371.SZ,北方华创,2026-06-23,90.27,15.24,590253824604.0,True,True,False,core,"['存储芯片', '半导体概念', '光刻机(胶)']",3.854047,11.305825,3.854047,main_theme,主线三日趋势承接,4,608.27,"main_theme,fund_flow,broad_trend,breakout_theme",4,"命中主线三日趋势承接、资金/量能承接近似、宽基趋势承接、主线突破增强；概念=存储芯片,半导体概念,光刻机(胶)；20日涨幅11.52%；量比0.86；换手1.38%；当日涨幅0.33%，追高压力相对可控",3
28.01,27.442,25.262,24.109500000000004,19.049333333333333,29.62,24.5,1.0303825228313004,8.20044727695913,6.7861227601982534,10.405991328340576,0.7846889952153113,0.21531100478468868,0.7846889952153113,-1.055594651653763,10.877998574934693,16.178269976565247,-5.435516542876428,1520944242.0,8.74,-1.44,26.37,-3.2845412352731196,-9.817922170653336,603936.SH,博敏电子,2026-06-23,-375.46,3.71,16301490581.0,True,True,False,core,['PCB'],3.896813,10.551802,15.696742,main_theme,主线三日趋势承接,3,584.484,"main_theme,fund_flow,broad_trend",3,命中主线三日趋势承接、资金/量能承接近似、宽基趋势承接；概念=PCB；20日涨幅6.79%；量比1.03；换手8.74%；当日涨幅-1.44%，追高压力相对可控,4
22.48,21.95,21.047,19.637999999999998,17.252000000000002,23.8,20.96,1.1518986550235688,6.3712473279298365,15.519013360739976,2.507979936160524,0.6638655462184879,0.3361344537815121,0.5462184873949578,-0.6669630947087484,6.808571292820815,14.471942152968737,-5.546218487394967,364618400.0,11.12,-0.04,21.69,3.425266903914581,5.516014234875444,300786.SZ,国林科技,2026-06-23,225.89,3.9,4364856650.0,True,True,False,core,"['半导体概念', '光刻机(胶)', '新材料']",3.817769,10.489688,3.842769,main_theme,主线三日趋势承接,5,541.089,"main_theme,fund_flow,broad_trend",3,"命中主线三日趋势承接、资金/量能承接近似、宽基趋势承接；概念=半导体概念,光刻机(胶),新材料；20日涨幅15.52%；量比1.15；换手11.12%；当日涨幅-0.04%，追高压力相对可控",5
